plant_id,english_name,bangla_name,scientific_name,category,healthy_label,unhealthy_label,healthy_queries,unhealthy_queries,target_healthy_images,target_unhealthy_images,region_focus,intended_environment,notes
tomato,Tomato,টমেটো,Solanum lycopersicum,Vegetable,healthy,unhealthy,healthy Tomato plant | healthy Tomato leaves | healthy potted Tomato | টমেটো সুস্থ গাছ | সুস্থ টমেটো গাছ,unhealthy Tomato plant | diseased Tomato plant | Tomato plant disease | Tomato leaf disease | Tomato brown spots leaves | Tomato yellow leaves disease | Tomato fungal disease | Tomato pest damage | টমেটো গাছের রোগ | টমেটো পাতার রোগ | টমেটো গাছ অসুস্থ | টমেটো পাতায় দাগ,200,200,Bangladesh,rooftop/balcony/home garden,
chili_pepper,Chili Pepper,মরিচ,Capsicum annuum,Vegetable,healthy,unhealthy,healthy Chili Pepper plant | healthy Chili Pepper leaves | healthy potted Chili Pepper | মরিচ সুস্থ গাছ | সুস্থ মরিচ গাছ,unhealthy Chili Pepper plant | diseased Chili Pepper plant | Chili Pepper plant disease | Chili Pepper leaf disease | Chili Pepper brown spots leaves | Chili Pepper yellow leaves disease | Chili Pepper fungal disease | Chili Pepper pest damage | মরিচ গাছের রোগ | মরিচ পাতার রোগ | মরিচ গাছ অসুস্থ | মরিচ পাতায় দাগ,200,200,Bangladesh,rooftop/balcony/home garden,
eggplant,Eggplant,বেগুন,Solanum melongena,Vegetable,healthy,unhealthy,healthy Eggplant plant | healthy Eggplant leaves | healthy potted Eggplant | বেগুন সুস্থ গাছ | সুস্থ বেগুন গাছ,unhealthy Eggplant plant | diseased Eggplant plant | Eggplant plant disease | Eggplant leaf disease | Eggplant brown spots leaves | Eggplant yellow leaves disease | Eggplant fungal disease | Eggplant pest damage | বেগুন গাছের রোগ | বেগুন পাতার রোগ | বেগুন গাছ অসুস্থ | বেগুন পাতায় দাগ,200,200,Bangladesh,rooftop/balcony/home garden,
okra,Okra,ঢেঁড়স,Abelmoschus esculentus,Vegetable,healthy,unhealthy,healthy Okra plant | healthy Okra leaves | healthy potted Okra | ঢেঁড়স সুস্থ গাছ | সুস্থ ঢেঁড়স গাছ,unhealthy Okra plant | diseased Okra plant | Okra plant disease | Okra leaf disease | Okra brown spots leaves | Okra yellow leaves disease | Okra fungal disease | Okra pest damage | ঢেঁড়স গাছের রোগ | ঢেঁড়স পাতার রোগ | ঢেঁড়স গাছ অসুস্থ | ঢেঁড়স পাতায় দাগ,200,200,Bangladesh,rooftop/balcony/home garden,
bottle_gourd,Bottle Gourd,লাউ,Lagenaria siceraria,Vine Vegetable,healthy,unhealthy,healthy Bottle Gourd plant | healthy Bottle Gourd leaves | healthy potted Bottle Gourd | লাউ সুস্থ গাছ | সুস্থ লাউ গাছ,unhealthy Bottle Gourd plant | diseased Bottle Gourd plant | Bottle Gourd plant disease | Bottle Gourd leaf disease | Bottle Gourd brown spots leaves | Bottle Gourd yellow leaves disease | Bottle Gourd fungal disease | Bottle Gourd pest damage | লাউ গাছের রোগ | লাউ পাতার রোগ | লাউ গাছ অসুস্থ | লাউ পাতায় দাগ,200,200,Bangladesh,rooftop/balcony/home garden,
bitter_gourd,Bitter Gourd,করলা,Momordica charantia,Vine Vegetable,healthy,unhealthy,healthy Bitter Gourd plant | healthy Bitter Gourd leaves | healthy potted Bitter Gourd | করলা সুস্থ গাছ | সুস্থ করলা গাছ,unhealthy Bitter Gourd plant | diseased Bitter Gourd plant | Bitter Gourd plant disease | Bitter Gourd leaf disease | Bitter Gourd brown spots leaves | Bitter Gourd yellow leaves disease | Bitter Gourd fungal disease | Bitter Gourd pest damage | করলা গাছের রোগ | করলা পাতার রোগ | করলা গাছ অসুস্থ | করলা পাতায় দাগ,200,200,Bangladesh,rooftop/balcony/home garden,
ridge_gourd,Ridge Gourd,ঝিঙা,Luffa acutangula,Vine Vegetable,healthy,unhealthy,healthy Ridge Gourd plant | healthy Ridge Gourd leaves | healthy potted Ridge Gourd | ঝিঙা সুস্থ গাছ | সুস্থ ঝিঙা গাছ,unhealthy Ridge Gourd plant | diseased Ridge Gourd plant | Ridge Gourd plant disease | Ridge Gourd leaf disease | Ridge Gourd brown spots leaves | Ridge Gourd yellow leaves disease | Ridge Gourd fungal disease | Ridge Gourd pest damage | ঝিঙা গাছের রোগ | ঝিঙা পাতার রোগ | ঝিঙা গাছ অসুস্থ | ঝিঙা পাতায় দাগ,200,200,Bangladesh,rooftop/balcony/home garden,
sponge_gourd,Sponge Gourd,ধুন্দুল,Luffa aegyptiaca,Vine Vegetable,healthy,unhealthy,healthy Sponge Gourd plant | healthy Sponge Gourd leaves | healthy potted Sponge Gourd | ধুন্দুল সুস্থ গাছ | সুস্থ ধুন্দুল গাছ,unhealthy Sponge Gourd plant | diseased Sponge Gourd plant | Sponge Gourd plant disease | Sponge Gourd leaf disease | Sponge Gourd brown spots leaves | Sponge Gourd yellow leaves disease | Sponge Gourd fungal disease | Sponge Gourd pest damage | ধুন্দুল গাছের রোগ | ধুন্দুল পাতার রোগ | ধুন্দুল গাছ অসুস্থ | ধুন্দুল পাতায় দাগ,200,200,Bangladesh,rooftop/balcony/home garden,
snake_gourd,Snake Gourd,চিচিঙ্গা,Trichosanthes cucumerina,Vine Vegetable,healthy,unhealthy,healthy Snake Gourd plant | healthy Snake Gourd leaves | healthy potted Snake Gourd | চিচিঙ্গা সুস্থ গাছ | সুস্থ চিচিঙ্গা গাছ,unhealthy Snake Gourd plant | diseased Snake Gourd plant | Snake Gourd plant disease | Snake Gourd leaf disease | Snake Gourd brown spots leaves | Snake Gourd yellow leaves disease | Snake Gourd fungal disease | Snake Gourd pest damage | চিচিঙ্গা গাছের রোগ | চিচিঙ্গা পাতার রোগ | চিচিঙ্গা গাছ অসুস্থ | চিচিঙ্গা পাতায় দাগ,200,200,Bangladesh,rooftop/balcony/home garden,
pointed_gourd,Pointed Gourd,পটল,Trichosanthes dioica,Vine Vegetable,healthy,unhealthy,healthy Pointed Gourd plant | healthy Pointed Gourd leaves | healthy potted Pointed Gourd | পটল সুস্থ গাছ | সুস্থ পটল গাছ,unhealthy Pointed Gourd plant | diseased Pointed Gourd plant | Pointed Gourd plant disease | Pointed Gourd leaf disease | Pointed Gourd brown spots leaves | Pointed Gourd yellow leaves disease | Pointed Gourd fungal disease | Pointed Gourd pest damage | পটল গাছের রোগ | পটল পাতার রোগ | পটল গাছ অসুস্থ | পটল পাতায় দাগ,200,200,Bangladesh,rooftop/balcony/home garden,
pumpkin,Pumpkin,মিষ্টি কুমড়া,Cucurbita moschata,Vine Vegetable,healthy,unhealthy,healthy Pumpkin plant | healthy Pumpkin leaves | healthy potted Pumpkin | মিষ্টি কুমড়া সুস্থ গাছ | সুস্থ মিষ্টি কুমড়া গাছ,unhealthy Pumpkin plant | diseased Pumpkin plant | Pumpkin plant disease | Pumpkin leaf disease | Pumpkin brown spots leaves | Pumpkin yellow leaves disease | Pumpkin fungal disease | Pumpkin pest damage | মিষ্টি কুমড়া গাছের রোগ | মিষ্টি কুমড়া পাতার রোগ | মিষ্টি কুমড়া গাছ অসুস্থ | মিষ্টি কুমড়া পাতায় দাগ,200,200,Bangladesh,rooftop/balcony/home garden,
cucumber,Cucumber,শসা,Cucumis sativus,Vine Vegetable,healthy,unhealthy,healthy Cucumber plant | healthy Cucumber leaves | healthy potted Cucumber | শসা সুস্থ গাছ | সুস্থ শসা গাছ,unhealthy Cucumber plant | diseased Cucumber plant | Cucumber plant disease | Cucumber leaf disease | Cucumber brown spots leaves | Cucumber yellow leaves disease | Cucumber fungal disease | Cucumber pest damage | শসা গাছের রোগ | শসা পাতার রোগ | শসা গাছ অসুস্থ | শসা পাতায় দাগ,200,200,Bangladesh,rooftop/balcony/home garden,
yardlong_bean,Yardlong Bean,বরবটি,Vigna unguiculata subsp. sesquipedalis,Vegetable,healthy,unhealthy,healthy Yardlong Bean plant | healthy Yardlong Bean leaves | healthy potted Yardlong Bean | বরবটি সুস্থ গাছ | সুস্থ বরবটি গাছ,unhealthy Yardlong Bean plant | diseased Yardlong Bean plant | Yardlong Bean plant disease | Yardlong Bean leaf disease | Yardlong Bean brown spots leaves | Yardlong Bean yellow leaves disease | Yardlong Bean fungal disease | Yardlong Bean pest damage | বরবটি গাছের রোগ | বরবটি পাতার রোগ | বরবটি গাছ অসুস্থ | বরবটি পাতায় দাগ,200,200,Bangladesh,rooftop/balcony/home garden,
hyacinth_bean,Hyacinth Bean,শিম,Lablab purpureus,Vegetable,healthy,unhealthy,healthy Hyacinth Bean plant | healthy Hyacinth Bean leaves | healthy potted Hyacinth Bean | শিম সুস্থ গাছ | সুস্থ শিম গাছ,unhealthy Hyacinth Bean plant | diseased Hyacinth Bean plant | Hyacinth Bean plant disease | Hyacinth Bean leaf disease | Hyacinth Bean brown spots leaves | Hyacinth Bean yellow leaves disease | Hyacinth Bean fungal disease | Hyacinth Bean pest damage | শিম গাছের রোগ | শিম পাতার রোগ | শিম গাছ অসুস্থ | শিম পাতায় দাগ,200,200,Bangladesh,rooftop/balcony/home garden,
malabar_spinach,Malabar Spinach,পুঁইশাক,Basella alba,Leafy Vegetable,healthy,unhealthy,healthy Malabar Spinach plant | healthy Malabar Spinach leaves | healthy potted Malabar Spinach | পুঁইশাক সুস্থ গাছ | সুস্থ পুঁইশাক গাছ,unhealthy Malabar Spinach plant | diseased Malabar Spinach plant | Malabar Spinach plant disease | Malabar Spinach leaf disease | Malabar Spinach brown spots leaves | Malabar Spinach yellow leaves disease | Malabar Spinach fungal disease | Malabar Spinach pest damage | পুঁইশাক গাছের রোগ | পুঁইশাক পাতার রোগ | পুঁইশাক গাছ অসুস্থ | পুঁইশাক পাতায় দাগ,200,200,Bangladesh,rooftop/balcony/home garden,
red_amaranth,Red Amaranth,লাল শাক,Amaranthus tricolor,Leafy Vegetable,healthy,unhealthy,healthy Red Amaranth plant | healthy Red Amaranth leaves | healthy potted Red Amaranth | লাল শাক সুস্থ গাছ | সুস্থ লাল শাক গাছ,unhealthy Red Amaranth plant | diseased Red Amaranth plant | Red Amaranth plant disease | Red Amaranth leaf disease | Red Amaranth brown spots leaves | Red Amaranth yellow leaves disease | Red Amaranth fungal disease | Red Amaranth pest damage | লাল শাক গাছের রোগ | লাল শাক পাতার রোগ | লাল শাক গাছ অসুস্থ | লাল শাক পাতায় দাগ,200,200,Bangladesh,rooftop/balcony/home garden,
stem_amaranth,Stem Amaranth,ডাঁটা শাক,Amaranthus lividus,Leafy Vegetable,healthy,unhealthy,healthy Stem Amaranth plant | healthy Stem Amaranth leaves | healthy potted Stem Amaranth | ডাঁটা শাক সুস্থ গাছ | সুস্থ ডাঁটা শাক গাছ,unhealthy Stem Amaranth plant | diseased Stem Amaranth plant | Stem Amaranth plant disease | Stem Amaranth leaf disease | Stem Amaranth brown spots leaves | Stem Amaranth yellow leaves disease | Stem Amaranth fungal disease | Stem Amaranth pest damage | ডাঁটা শাক গাছের রোগ | ডাঁটা শাক পাতার রোগ | ডাঁটা শাক গাছ অসুস্থ | ডাঁটা শাক পাতায় দাগ,200,200,Bangladesh,rooftop/balcony/home garden,
water_spinach,Water Spinach,কলমি শাক,Ipomoea aquatica,Leafy Vegetable,healthy,unhealthy,healthy Water Spinach plant | healthy Water Spinach leaves | healthy potted Water Spinach | কলমি শাক সুস্থ গাছ | সুস্থ কলমি শাক গাছ,unhealthy Water Spinach plant | diseased Water Spinach plant | Water Spinach plant disease | Water Spinach leaf disease | Water Spinach brown spots leaves | Water Spinach yellow leaves disease | Water Spinach fungal disease | Water Spinach pest damage | কলমি শাক গাছের রোগ | কলমি শাক পাতার রোগ | কলমি শাক গাছ অসুস্থ | কলমি শাক পাতায় দাগ,200,200,Bangladesh,rooftop/balcony/home garden,
coriander,Coriander,ধনিয়া,Coriandrum sativum,Herb,healthy,unhealthy,healthy Coriander plant | healthy Coriander leaves | healthy potted Coriander | ধনিয়া সুস্থ গাছ | সুস্থ ধনিয়া গাছ,unhealthy Coriander plant | diseased Coriander plant | Coriander plant disease | Coriander leaf disease | Coriander brown spots leaves | Coriander yellow leaves disease | Coriander fungal disease | Coriander pest damage | ধনিয়া গাছের রোগ | ধনিয়া পাতার রোগ | ধনিয়া গাছ অসুস্থ | ধনিয়া পাতায় দাগ,200,200,Bangladesh,rooftop/balcony/home garden,
mint,Mint,পুদিনা,Mentha spp.,Herb,healthy,unhealthy,healthy Mint plant | healthy Mint leaves | healthy potted Mint | পুদিনা সুস্থ গাছ | সুস্থ পুদিনা গাছ,unhealthy Mint plant | diseased Mint plant | Mint plant disease | Mint leaf disease | Mint brown spots leaves | Mint yellow leaves disease | Mint fungal disease | Mint pest damage | পুদিনা গাছের রোগ | পুদিনা পাতার রোগ | পুদিনা গাছ অসুস্থ | পুদিনা পাতায় দাগ,200,200,Bangladesh,rooftop/balcony/home garden,
holy_basil_tulsi,Holy Basil (Tulsi),তুলসী,Ocimum tenuiflorum,Herb/Medicinal,healthy,unhealthy,healthy Holy Basil plant | healthy Holy Basil leaves | healthy potted Holy Basil | তুলসী সুস্থ গাছ | সুস্থ তুলসী গাছ,unhealthy Holy Basil plant | diseased Holy Basil plant | Holy Basil plant disease | Holy Basil leaf disease | Holy Basil brown spots leaves | Holy Basil yellow leaves disease | Holy Basil fungal disease | Holy Basil pest damage | তুলসী গাছের রোগ | তুলসী পাতার রোগ | তুলসী গাছ অসুস্থ | তুলসী পাতায় দাগ,200,200,Bangladesh,rooftop/balcony/home garden,
indian_borage,Indian Borage,পাথরকুচি,Coleus amboinicus,Herb/Medicinal,healthy,unhealthy,healthy Indian Borage plant | healthy Indian Borage leaves | healthy potted Indian Borage | পাথরকুচি সুস্থ গাছ | সুস্থ পাথরকুচি গাছ,unhealthy Indian Borage plant | diseased Indian Borage plant | Indian Borage plant disease | Indian Borage leaf disease | Indian Borage brown spots leaves | Indian Borage yellow leaves disease | Indian Borage fungal disease | Indian Borage pest damage | পাথরকুচি গাছের রোগ | পাথরকুচি পাতার রোগ | পাথরকুচি গাছ অসুস্থ | পাথরকুচি পাতায় দাগ,200,200,Bangladesh,rooftop/balcony/home garden,
aloe_vera,Aloe Vera,ঘৃতকুমারী,Aloe vera,Medicinal/Succulent,healthy,unhealthy,healthy Aloe Vera plant | healthy Aloe Vera leaves | healthy potted Aloe Vera | ঘৃতকুমারী সুস্থ গাছ | সুস্থ ঘৃতকুমারী গাছ,unhealthy Aloe Vera plant | diseased Aloe Vera plant | Aloe Vera plant disease | Aloe Vera leaf disease | Aloe Vera brown spots leaves | Aloe Vera yellow leaves disease | Aloe Vera fungal disease | Aloe Vera pest damage | ঘৃতকুমারী গাছের রোগ | ঘৃতকুমারী পাতার রোগ | ঘৃতকুমারী গাছ অসুস্থ | ঘৃতকুমারী পাতায় দাগ,200,200,Bangladesh,rooftop/balcony/home garden,
turmeric,Turmeric,হলুদ,Curcuma longa,Spice/Medicinal,healthy,unhealthy,healthy Turmeric plant | healthy Turmeric leaves | healthy potted Turmeric | হলুদ সুস্থ গাছ | সুস্থ হলুদ গাছ,unhealthy Turmeric plant | diseased Turmeric plant | Turmeric plant disease | Turmeric leaf disease | Turmeric brown spots leaves | Turmeric yellow leaves disease | Turmeric fungal disease | Turmeric pest damage | হলুদ গাছের রোগ | হলুদ পাতার রোগ | হলুদ গাছ অসুস্থ | হলুদ পাতায় দাগ,200,200,Bangladesh,rooftop/balcony/home garden,
ginger,Ginger,আদা,Zingiber officinale,Spice/Medicinal,healthy,unhealthy,healthy Ginger plant | healthy Ginger leaves | healthy potted Ginger | আদা সুস্থ গাছ | সুস্থ আদা গাছ,unhealthy Ginger plant | diseased Ginger plant | Ginger plant disease | Ginger leaf disease | Ginger brown spots leaves | Ginger yellow leaves disease | Ginger fungal disease | Ginger pest damage | আদা গাছের রোগ | আদা পাতার রোগ | আদা গাছ অসুস্থ | আদা পাতায় দাগ,200,200,Bangladesh,rooftop/balcony/home garden,
rose,Rose,গোলাপ,Rosa spp.,Flowering Plant,healthy,unhealthy,healthy Rose plant | healthy Rose leaves | healthy potted Rose | গোলাপ সুস্থ গাছ | সুস্থ গোলাপ গাছ,unhealthy Rose plant | diseased Rose plant | Rose plant disease | Rose leaf disease | Rose brown spots leaves | Rose yellow leaves disease | Rose fungal disease | Rose pest damage | গোলাপ গাছের রোগ | গোলাপ পাতার রোগ | গোলাপ গাছ অসুস্থ | গোলাপ পাতায় দাগ,200,200,Bangladesh,rooftop/balcony/home garden,
hibiscus,Hibiscus,জবা,Hibiscus rosa-sinensis,Flowering Plant,healthy,unhealthy,healthy Hibiscus plant | healthy Hibiscus leaves | healthy potted Hibiscus | জবা সুস্থ গাছ | সুস্থ জবা গাছ,unhealthy Hibiscus plant | diseased Hibiscus plant | Hibiscus plant disease | Hibiscus leaf disease | Hibiscus brown spots leaves | Hibiscus yellow leaves disease | Hibiscus fungal disease | Hibiscus pest damage | জবা গাছের রোগ | জবা পাতার রোগ | জবা গাছ অসুস্থ | জবা পাতায় দাগ,200,200,Bangladesh,rooftop/balcony/home garden,
marigold,Marigold,গাঁদা,Tagetes spp.,Flowering Plant,healthy,unhealthy,healthy Marigold plant | healthy Marigold leaves | healthy potted Marigold | গাঁদা সুস্থ গাছ | সুস্থ গাঁদা গাছ,unhealthy Marigold plant | diseased Marigold plant | Marigold plant disease | Marigold leaf disease | Marigold brown spots leaves | Marigold yellow leaves disease | Marigold fungal disease | Marigold pest damage | গাঁদা গাছের রোগ | গাঁদা পাতার রোগ | গাঁদা গাছ অসুস্থ | গাঁদা পাতায় দাগ,200,200,Bangladesh,rooftop/balcony/home garden,
periwinkle,Periwinkle,নয়নতারা,Catharanthus roseus,Flowering Plant,healthy,unhealthy,healthy Periwinkle plant | healthy Periwinkle leaves | healthy potted Periwinkle | নয়নতারা সুস্থ গাছ | সুস্থ নয়নতারা গাছ,unhealthy Periwinkle plant | diseased Periwinkle plant | Periwinkle plant disease | Periwinkle leaf disease | Periwinkle brown spots leaves | Periwinkle yellow leaves disease | Periwinkle fungal disease | Periwinkle pest damage | নয়নতারা গাছের রোগ | নয়নতারা পাতার রোগ | নয়নতারা গাছ অসুস্থ | নয়নতারা পাতায় দাগ,200,200,Bangladesh,rooftop/balcony/home garden,
arabian_jasmine,Arabian Jasmine,বেলি,Jasminum sambac,Flowering Plant,healthy,unhealthy,healthy Arabian Jasmine plant | healthy Arabian Jasmine leaves | healthy potted Arabian Jasmine | বেলি সুস্থ গাছ | সুস্থ বেলি গাছ,unhealthy Arabian Jasmine plant | diseased Arabian Jasmine plant | Arabian Jasmine plant disease | Arabian Jasmine leaf disease | Arabian Jasmine brown spots leaves | Arabian Jasmine yellow leaves disease | Arabian Jasmine fungal disease | Arabian Jasmine pest damage | বেলি গাছের রোগ | বেলি পাতার রোগ | বেলি গাছ অসুস্থ | বেলি পাতায় দাগ,200,200,Bangladesh,rooftop/balcony/home garden,
night_flowering_jasmine,Night-flowering Jasmine,শিউলি,Nyctanthes arbor-tristis,Flowering Plant,healthy,unhealthy,healthy Night-flowering Jasmine plant | healthy Night-flowering Jasmine leaves | healthy potted Night-flowering Jasmine | শিউলি সুস্থ গাছ | সুস্থ শিউলি গাছ,unhealthy Night-flowering Jasmine plant | diseased Night-flowering Jasmine plant | Night-flowering Jasmine plant disease | Night-flowering Jasmine leaf disease | Night-flowering Jasmine brown spots leaves | Night-flowering Jasmine yellow leaves disease | Night-flowering Jasmine fungal disease | Night-flowering Jasmine pest damage | শিউলি গাছের রোগ | শিউলি পাতার রোগ | শিউলি গাছ অসুস্থ | শিউলি পাতায় দাগ,200,200,Bangladesh,rooftop/balcony/home garden,
gardenia,Gardenia,গন্ধরাজ,Gardenia jasminoides,Flowering Plant,healthy,unhealthy,healthy Gardenia plant | healthy Gardenia leaves | healthy potted Gardenia | গন্ধরাজ সুস্থ গাছ | সুস্থ গন্ধরাজ গাছ,unhealthy Gardenia plant | diseased Gardenia plant | Gardenia plant disease | Gardenia leaf disease | Gardenia brown spots leaves | Gardenia yellow leaves disease | Gardenia fungal disease | Gardenia pest damage | গন্ধরাজ গাছের রোগ | গন্ধরাজ পাতার রোগ | গন্ধরাজ গাছ অসুস্থ | গন্ধরাজ পাতায় দাগ,200,200,Bangladesh,rooftop/balcony/home garden,
bougainvillea,Bougainvillea,বাগানবিলাস,Bougainvillea spp.,Flowering Plant,healthy,unhealthy,healthy Bougainvillea plant | healthy Bougainvillea leaves | healthy potted Bougainvillea | বাগানবিলাস সুস্থ গাছ | সুস্থ বাগানবিলাস গাছ,unhealthy Bougainvillea plant | diseased Bougainvillea plant | Bougainvillea plant disease | Bougainvillea leaf disease | Bougainvillea brown spots leaves | Bougainvillea yellow leaves disease | Bougainvillea fungal disease | Bougainvillea pest damage | বাগানবিলাস গাছের রোগ | বাগানবিলাস পাতার রোগ | বাগানবিলাস গাছ অসুস্থ | বাগানবিলাস পাতায় দাগ,200,200,Bangladesh,rooftop/balcony/home garden,
butterfly_pea,Butterfly Pea,অপরাজিতা,Clitoria ternatea,Flowering Vine,healthy,unhealthy,healthy Butterfly Pea plant | healthy Butterfly Pea leaves | healthy potted Butterfly Pea | অপরাজিতা সুস্থ গাছ | সুস্থ অপরাজিতা গাছ,unhealthy Butterfly Pea plant | diseased Butterfly Pea plant | Butterfly Pea plant disease | Butterfly Pea leaf disease | Butterfly Pea brown spots leaves | Butterfly Pea yellow leaves disease | Butterfly Pea fungal disease | Butterfly Pea pest damage | অপরাজিতা গাছের রোগ | অপরাজিতা পাতার রোগ | অপরাজিতা গাছ অসুস্থ | অপরাজিতা পাতায় দাগ,200,200,Bangladesh,rooftop/balcony/home garden,
crape_jasmine,Crape Jasmine,টগর,Tabernaemontana divaricata,Flowering Plant,healthy,unhealthy,healthy Crape Jasmine plant | healthy Crape Jasmine leaves | healthy potted Crape Jasmine | টগর সুস্থ গাছ | সুস্থ টগর গাছ,unhealthy Crape Jasmine plant | diseased Crape Jasmine plant | Crape Jasmine plant disease | Crape Jasmine leaf disease | Crape Jasmine brown spots leaves | Crape Jasmine yellow leaves disease | Crape Jasmine fungal disease | Crape Jasmine pest damage | টগর গাছের রোগ | টগর পাতার রোগ | টগর গাছ অসুস্থ | টগর পাতায় দাগ,200,200,Bangladesh,rooftop/balcony/home garden,
ixora,Ixora,রঙ্গন,Ixora coccinea,Flowering Plant,healthy,unhealthy,healthy Ixora plant | healthy Ixora leaves | healthy potted Ixora | রঙ্গন সুস্থ গাছ | সুস্থ রঙ্গন গাছ,unhealthy Ixora plant | diseased Ixora plant | Ixora plant disease | Ixora leaf disease | Ixora brown spots leaves | Ixora yellow leaves disease | Ixora fungal disease | Ixora pest damage | রঙ্গন গাছের রোগ | রঙ্গন পাতার রোগ | রঙ্গন গাছ অসুস্থ | রঙ্গন পাতায় দাগ,200,200,Bangladesh,rooftop/balcony/home garden,
chrysanthemum,Chrysanthemum,চন্দ্রমল্লিকা,Chrysanthemum spp.,Flowering Plant,healthy,unhealthy,healthy Chrysanthemum plant | healthy Chrysanthemum leaves | healthy potted Chrysanthemum | চন্দ্রমল্লিকা সুস্থ গাছ | সুস্থ চন্দ্রমল্লিকা গাছ,unhealthy Chrysanthemum plant | diseased Chrysanthemum plant | Chrysanthemum plant disease | Chrysanthemum leaf disease | Chrysanthemum brown spots leaves | Chrysanthemum yellow leaves disease | Chrysanthemum fungal disease | Chrysanthemum pest damage | চন্দ্রমল্লিকা গাছের রোগ | চন্দ্রমল্লিকা পাতার রোগ | চন্দ্রমল্লিকা গাছ অসুস্থ | চন্দ্রমল্লিকা পাতায় দাগ,200,200,Bangladesh,rooftop/balcony/home garden,
sunflower,Sunflower,সূর্যমুখী,Helianthus annuus,Flowering Plant,healthy,unhealthy,healthy Sunflower plant | healthy Sunflower leaves | healthy potted Sunflower | সূর্যমুখী সুস্থ গাছ | সুস্থ সূর্যমুখী গাছ,unhealthy Sunflower plant | diseased Sunflower plant | Sunflower plant disease | Sunflower leaf disease | Sunflower brown spots leaves | Sunflower yellow leaves disease | Sunflower fungal disease | Sunflower pest damage | সূর্যমুখী গাছের রোগ | সূর্যমুখী পাতার রোগ | সূর্যমুখী গাছ অসুস্থ | সূর্যমুখী পাতায় দাগ,200,200,Bangladesh,rooftop/balcony/home garden,
moss_rose,Moss Rose,পোর্টুলাকা,Portulaca grandiflora,Flowering/Succulent,healthy,unhealthy,healthy Moss Rose plant | healthy Moss Rose leaves | healthy potted Moss Rose | পোর্টুলাকা সুস্থ গাছ | সুস্থ পোর্টুলাকা গাছ,unhealthy Moss Rose plant | diseased Moss Rose plant | Moss Rose plant disease | Moss Rose leaf disease | Moss Rose brown spots leaves | Moss Rose yellow leaves disease | Moss Rose fungal disease | Moss Rose pest damage | পোর্টুলাকা গাছের রোগ | পোর্টুলাকা পাতার রোগ | পোর্টুলাকা গাছ অসুস্থ | পোর্টুলাকা পাতায় দাগ,200,200,Bangladesh,rooftop/balcony/home garden,
crown_of_thorns,Crown of Thorns,কাঁটা মুকুট,Euphorbia milii,Flowering/Succulent,healthy,unhealthy,healthy Crown of Thorns plant | healthy Crown of Thorns leaves | healthy potted Crown of Thorns | কাঁটা মুকুট সুস্থ গাছ | সুস্থ কাঁটা মুকুট গাছ,unhealthy Crown of Thorns plant | diseased Crown of Thorns plant | Crown of Thorns plant disease | Crown of Thorns leaf disease | Crown of Thorns brown spots leaves | Crown of Thorns yellow leaves disease | Crown of Thorns fungal disease | Crown of Thorns pest damage | কাঁটা মুকুট গাছের রোগ | কাঁটা মুকুট পাতার রোগ | কাঁটা মুকুট গাছ অসুস্থ | কাঁটা মুকুট পাতায় দাগ,200,200,Bangladesh,rooftop/balcony/home garden,
lemon_lime,Lemon/Lime,লেবু,Citrus spp.,Fruit/Citrus,healthy,unhealthy,healthy Lemon/Lime plant | healthy Lemon/Lime leaves | healthy potted Lemon/Lime | লেবু সুস্থ গাছ | সুস্থ লেবু গাছ,unhealthy Lemon/Lime plant | diseased Lemon/Lime plant | Lemon/Lime plant disease | Lemon/Lime leaf disease | Lemon/Lime brown spots leaves | Lemon/Lime yellow leaves disease | Lemon/Lime fungal disease | Lemon/Lime pest damage | লেবু গাছের রোগ | লেবু পাতার রোগ | লেবু গাছ অসুস্থ | লেবু পাতায় দাগ,200,200,Bangladesh,rooftop/balcony/home garden,
guava,Guava,পেয়ারা,Psidium guajava,Fruit Plant,healthy,unhealthy,healthy Guava plant | healthy Guava leaves | healthy potted Guava | পেয়ারা সুস্থ গাছ | সুস্থ পেয়ারা গাছ,unhealthy Guava plant | diseased Guava plant | Guava plant disease | Guava leaf disease | Guava brown spots leaves | Guava yellow leaves disease | Guava fungal disease | Guava pest damage | পেয়ারা গাছের রোগ | পেয়ারা পাতার রোগ | পেয়ারা গাছ অসুস্থ | পেয়ারা পাতায় দাগ,200,200,Bangladesh,rooftop/balcony/home garden,
papaya,Papaya,পেঁপে,Carica papaya,Fruit Plant,healthy,unhealthy,healthy Papaya plant | healthy Papaya leaves | healthy potted Papaya | পেঁপে সুস্থ গাছ | সুস্থ পেঁপে গাছ,unhealthy Papaya plant | diseased Papaya plant | Papaya plant disease | Papaya leaf disease | Papaya brown spots leaves | Papaya yellow leaves disease | Papaya fungal disease | Papaya pest damage | পেঁপে গাছের রোগ | পেঁপে পাতার রোগ | পেঁপে গাছ অসুস্থ | পেঁপে পাতায় দাগ,200,200,Bangladesh,rooftop/balcony/home garden,
pomegranate,Pomegranate,ডালিম,Punica granatum,Fruit Plant,healthy,unhealthy,healthy Pomegranate plant | healthy Pomegranate leaves | healthy potted Pomegranate | ডালিম সুস্থ গাছ | সুস্থ ডালিম গাছ,unhealthy Pomegranate plant | diseased Pomegranate plant | Pomegranate plant disease | Pomegranate leaf disease | Pomegranate brown spots leaves | Pomegranate yellow leaves disease | Pomegranate fungal disease | Pomegranate pest damage | ডালিম গাছের রোগ | ডালিম পাতার রোগ | ডালিম গাছ অসুস্থ | ডালিম পাতায় দাগ,200,200,Bangladesh,rooftop/balcony/home garden,
indian_jujube,Indian Jujube,বরই/কুল,Ziziphus mauritiana,Fruit Plant,healthy,unhealthy,healthy Indian Jujube plant | healthy Indian Jujube leaves | healthy potted Indian Jujube | বরই/কুল সুস্থ গাছ | সুস্থ বরই/কুল গাছ,unhealthy Indian Jujube plant | diseased Indian Jujube plant | Indian Jujube plant disease | Indian Jujube leaf disease | Indian Jujube brown spots leaves | Indian Jujube yellow leaves disease | Indian Jujube fungal disease | Indian Jujube pest damage | বরই/কুল গাছের রোগ | বরই/কুল পাতার রোগ | বরই/কুল গাছ অসুস্থ | বরই/কুল পাতায় দাগ,200,200,Bangladesh,rooftop/balcony/home garden,
dragon_fruit,Dragon Fruit,ড্রাগন ফল,Selenicereus undatus,Cactus/Fruit,healthy,unhealthy,healthy Dragon Fruit plant | healthy Dragon Fruit leaves | healthy potted Dragon Fruit | ড্রাগন ফল সুস্থ গাছ | সুস্থ ড্রাগন ফল গাছ,unhealthy Dragon Fruit plant | diseased Dragon Fruit plant | Dragon Fruit plant disease | Dragon Fruit leaf disease | Dragon Fruit brown spots leaves | Dragon Fruit yellow leaves disease | Dragon Fruit fungal disease | Dragon Fruit pest damage | ড্রাগন ফল গাছের রোগ | ড্রাগন ফল পাতার রোগ | ড্রাগন ফল গাছ অসুস্থ | ড্রাগন ফল পাতায় দাগ,200,200,Bangladesh,rooftop/balcony/home garden,
prickly_pear_cactus,Prickly Pear Cactus,ক্যাকটাস (অপুন্টিয়া),Opuntia spp.,Cactus,healthy,unhealthy,healthy Prickly Pear Cactus plant | healthy Prickly Pear Cactus leaves | healthy potted Prickly Pear Cactus | ক্যাকটাস (অপুন্টিয়া) সুস্থ গাছ | সুস্থ ক্যাকটাস (অপুন্টিয়া) গাছ,unhealthy Prickly Pear Cactus plant | diseased Prickly Pear Cactus plant | Prickly Pear Cactus plant disease | Prickly Pear Cactus leaf disease | Prickly Pear Cactus brown spots leaves | Prickly Pear Cactus yellow leaves disease | Prickly Pear Cactus fungal disease | Prickly Pear Cactus pest damage | ক্যাকটাস (অপুন্টিয়া) গাছের রোগ | ক্যাকটাস (অপুন্টিয়া) পাতার রোগ | ক্যাকটাস (অপুন্টিয়া) গাছ অসুস্থ | ক্যাকটাস (অপুন্টিয়া) পাতায় দাগ,200,200,Bangladesh,rooftop/balcony/home garden,
golden_barrel_cactus,Golden Barrel Cactus,গোল্ডেন ব্যারেল ক্যাকটাস,Echinocactus grusonii,Cactus,healthy,unhealthy,healthy Golden Barrel Cactus plant | healthy Golden Barrel Cactus leaves | healthy potted Golden Barrel Cactus | গোল্ডেন ব্যারেল ক্যাকটাস সুস্থ গাছ | সুস্থ গোল্ডেন ব্যারেল ক্যাকটাস গাছ,unhealthy Golden Barrel Cactus plant | diseased Golden Barrel Cactus plant | Golden Barrel Cactus plant disease | Golden Barrel Cactus leaf disease | Golden Barrel Cactus brown spots leaves | Golden Barrel Cactus yellow leaves disease | Golden Barrel Cactus fungal disease | Golden Barrel Cactus pest damage | গোল্ডেন ব্যারেল ক্যাকটাস গাছের রোগ | গোল্ডেন ব্যারেল ক্যাকটাস পাতার রোগ | গোল্ডেন ব্যারেল ক্যাকটাস গাছ অসুস্থ | গোল্ডেন ব্যারেল ক্যাকটাস পাতায় দাগ,200,200,Bangladesh,rooftop/balcony/home garden,
snake_plant,Snake Plant,স্নেক প্ল্যান্ট,Dracaena trifasciata,House/Rooftop Plant,healthy,unhealthy,healthy Snake Plant plant | healthy Snake Plant leaves | healthy potted Snake Plant | স্নেক প্ল্যান্ট সুস্থ গাছ | সুস্থ স্নেক প্ল্যান্ট গাছ,unhealthy Snake Plant plant | diseased Snake Plant plant | Snake Plant plant disease | Snake Plant leaf disease | Snake Plant brown spots leaves | Snake Plant yellow leaves disease | Snake Plant fungal disease | Snake Plant pest damage | স্নেক প্ল্যান্ট গাছের রোগ | স্নেক প্ল্যান্ট পাতার রোগ | স্নেক প্ল্যান্ট গাছ অসুস্থ | স্নেক প্ল্যান্ট পাতায় দাগ,200,200,Bangladesh,rooftop/balcony/home garden,
pothos_money_plant,Pothos / Money Plant,মানি প্ল্যান্ট,Epipremnum aureum,House/Rooftop Plant,healthy,unhealthy,healthy Pothos / Money Plant plant | healthy Pothos / Money Plant leaves | healthy potted Pothos / Money Plant | মানি প্ল্যান্ট সুস্থ গাছ | সুস্থ মানি প্ল্যান্ট গাছ,unhealthy Pothos / Money Plant plant | diseased Pothos / Money Plant plant | Pothos / Money Plant plant disease | Pothos / Money Plant leaf disease | Pothos / Money Plant brown spots leaves | Pothos / Money Plant yellow leaves disease | Pothos / Money Plant fungal disease | Pothos / Money Plant pest damage | মানি প্ল্যান্ট গাছের রোগ | মানি প্ল্যান্ট পাতার রোগ | মানি প্ল্যান্ট গাছ অসুস্থ | মানি প্ল্যান্ট পাতায় দাগ,200,200,Bangladesh,rooftop/balcony/home garden,
croton,Croton,পাতাবাহার (ক্রোটন),Codiaeum variegatum,Ornamental Foliage,healthy,unhealthy,healthy Croton plant | healthy Croton leaves | healthy potted Croton | পাতাবাহার (ক্রোটন) সুস্থ গাছ | সুস্থ পাতাবাহার (ক্রোটন) গাছ,unhealthy Croton plant | diseased Croton plant | Croton plant disease | Croton leaf disease | Croton brown spots leaves | Croton yellow leaves disease | Croton fungal disease | Croton pest damage | পাতাবাহার (ক্রোটন) গাছের রোগ | পাতাবাহার (ক্রোটন) পাতার রোগ | পাতাবাহার (ক্রোটন) গাছ অসুস্থ | পাতাবাহার (ক্রোটন) পাতায় দাগ,200,200,Bangladesh,rooftop/balcony/home garden,
coleus,Coleus,পাতাবাহার (কোলিয়াস),Coleus scutellarioides,Ornamental Foliage,healthy,unhealthy,healthy Coleus plant | healthy Coleus leaves | healthy potted Coleus | পাতাবাহার (কোলিয়াস) সুস্থ গাছ | সুস্থ পাতাবাহার (কোলিয়াস) গাছ,unhealthy Coleus plant | diseased Coleus plant | Coleus plant disease | Coleus leaf disease | Coleus brown spots leaves | Coleus yellow leaves disease | Coleus fungal disease | Coleus pest damage | পাতাবাহার (কোলিয়াস) গাছের রোগ | পাতাবাহার (কোলিয়াস) পাতার রোগ | পাতাবাহার (কোলিয়াস) গাছ অসুস্থ | পাতাবাহার (কোলিয়াস) পাতায় দাগ,200,200,Bangladesh,rooftop/balcony/home garden,
areca_palm,Areca Palm,এরিকা পাম,Dypsis lutescens,Ornamental Plant,healthy,unhealthy,healthy Areca Palm plant | healthy Areca Palm leaves | healthy potted Areca Palm | এরিকা পাম সুস্থ গাছ | সুস্থ এরিকা পাম গাছ,unhealthy Areca Palm plant | diseased Areca Palm plant | Areca Palm plant disease | Areca Palm leaf disease | Areca Palm brown spots leaves | Areca Palm yellow leaves disease | Areca Palm fungal disease | Areca Palm pest damage | এরিকা পাম গাছের রোগ | এরিকা পাম পাতার রোগ | এরিকা পাম গাছ অসুস্থ | এরিকা পাম পাতায় দাগ,200,200,Bangladesh,rooftop/balcony/home garden,
rubber_plant,Rubber Plant,রাবার প্ল্যান্ট,Ficus elastica,Ornamental Plant,healthy,unhealthy,healthy Rubber Plant plant | healthy Rubber Plant leaves | healthy potted Rubber Plant | রাবার প্ল্যান্ট সুস্থ গাছ | সুস্থ রাবার প্ল্যান্ট গাছ,unhealthy Rubber Plant plant | diseased Rubber Plant plant | Rubber Plant plant disease | Rubber Plant leaf disease | Rubber Plant brown spots leaves | Rubber Plant yellow leaves disease | Rubber Plant fungal disease | Rubber Plant pest damage | রাবার প্ল্যান্ট গাছের রোগ | রাবার প্ল্যান্ট পাতার রোগ | রাবার প্ল্যান্ট গাছ অসুস্থ | রাবার প্ল্যান্ট পাতায় দাগ,200,200,Bangladesh,rooftop/balcony/home garden,
chinese_evergreen,Chinese Evergreen,আগলোনেমা,Aglaonema spp.,Ornamental Plant,healthy,unhealthy,healthy Chinese Evergreen plant | healthy Chinese Evergreen leaves | healthy potted Chinese Evergreen | আগলোনেমা সুস্থ গাছ | সুস্থ আগলোনেমা গাছ,unhealthy Chinese Evergreen plant | diseased Chinese Evergreen plant | Chinese Evergreen plant disease | Chinese Evergreen leaf disease | Chinese Evergreen brown spots leaves | Chinese Evergreen yellow leaves disease | Chinese Evergreen fungal disease | Chinese Evergreen pest damage | আগলোনেমা গাছের রোগ | আগলোনেমা পাতার রোগ | আগলোনেমা গাছ অসুস্থ | আগলোনেমা পাতায় দাগ,200,200,Bangladesh,rooftop/balcony/home garden,
