original_id,source,source_page_url,license,attribution
d181c82a00b49f934e514142,field_garden,https://www.inaturalist.org/observations/402649304,cc-by-nc,"(c) adenv, some rights reserved (CC BY-NC)"
2b4cd370f01362c2c164581b,field_garden,https://www.inaturalist.org/observations/391620417,cc-by-nc,"(c) Vivek Patel, some rights reserved (CC BY-NC)"
d9a00736f6e2d96750d7cdaa,field_garden,https://www.inaturalist.org/observations/402145767,cc-by-nc,"(c) MUSRIFATUL KHABIBAH, some rights reserved (CC BY-NC)"
2212516157df5f944f0aa41f,field_garden,https://www.inaturalist.org/observations/403644884,cc-by-nc,"(c) Kim and Peter Connolly, some rights reserved (CC BY-NC)"
5ef53cf5f46caa921444b948,field_garden,https://www.inaturalist.org/observations/402928006,cc-by-nc,"(c) bnh7556, some rights reserved (CC BY-NC)"
75c23bbcba0c40401ed8f534,field_garden,https://www.inaturalist.org/observations/403471872,cc-by-nc,"(c) Kiran Bergude, some rights reserved (CC BY-NC)"
9ed0d4e590910e19f21f8e9e,field_garden,https://www.inaturalist.org/observations/402953933,cc-by-nc,"(c) 姜沅呈, some rights reserved (CC BY-NC)"
bfe9012da11e0dd9719a0ce8,field_garden,https://www.inaturalist.org/observations/403300220,cc-by-nc,"(c) acmendoza4, some rights reserved (CC BY-NC)"
39d3bcad9d490c6f4b80e1fa,field_garden,https://www.inaturalist.org/observations/399431016,cc-by-nc,"(c) Ping-Kuei Liao, some rights reserved (CC BY-NC)"
de0bf0eda99aa5d588880fea,field_garden,https://www.inaturalist.org/observations/403647581,cc-by,"(c) Мирослав Соболев, some rights reserved (CC BY)"
c206aeabcdb235f3eed610fa,field_garden,https://www.inaturalist.org/observations/399456330,cc-by-nc,"(c) Dr. Prashant Pramod Patil, some rights reserved (CC BY-NC)"
9ae84eba8bb129ed6b754f54,field_garden,https://www.inaturalist.org/observations/386835034,cc-by-nc,"(c) Russ Hedley, some rights reserved (CC BY-NC)"
16208c7d59e50a6b1f8e2d68,field_garden,https://www.inaturalist.org/observations/402931656,cc-by-nc,"(c) Franco Colnago, some rights reserved (CC BY-NC)"
58a5edc89aa18caafc6d2b15,field_garden,https://www.inaturalist.org/observations/402406982,cc-by-nc,"(c) Siri Nallaparaju, some rights reserved (CC BY-NC)"
0ff9cb61387bacce5e590964,field_garden,https://www.inaturalist.org/observations/400241729,cc-by-nc,"(c) Salima K, some rights reserved (CC BY-NC)"
75090290e550ebb7d1f5b01c,field_garden,https://www.inaturalist.org/observations/399702750,cc-by-nc,"(c) Erika K Broman, some rights reserved (CC BY-NC)"
9a14cf80ff67460c325703ef,field_garden,https://www.inaturalist.org/observations/402363398,cc-by-nc,"(c) Dr. Pooja Mehta, some rights reserved (CC BY-NC)"
903e63720b9a0bb479485bec,field_garden,https://www.inaturalist.org/observations/402697954,cc-by-nc,"(c) শায়ন সেন🍁, some rights reserved (CC BY-NC)"
cbab2ef207d5766af0e2fccb,field_garden,https://www.inaturalist.org/observations/358992548,cc-by-nc,"(c) misskoto2026, some rights reserved (CC BY-NC)"
efdeaa8970f189d9338f0630,field_garden,https://www.inaturalist.org/observations/337301706,cc-by-nc,"(c) Anton Hofer, some rights reserved (CC BY-NC)"
9efe087afe70d5636670c2f5,field_garden,https://www.inaturalist.org/observations/402121300,cc0,no rights reserved
44bcff625b3cdd7dc0c159dc,field_garden,https://www.inaturalist.org/observations/402906687,cc-by-nc,"(c) Adam Trinklein, some rights reserved (CC BY-NC)"
e09a88dd7be782a825f56417,field_garden,https://www.inaturalist.org/observations/402940152,cc-by-nc,"(c) Akshay Kizhuvath, some rights reserved (CC BY-NC)"
f5273e82fede133c7cd8705c,field_garden,https://www.inaturalist.org/observations/394922337,cc-by-nc,"(c) Brady FitzGerald, some rights reserved (CC BY-NC)"
fe67c86387b1deed70ae0dfc,field_garden,https://www.inaturalist.org/observations/399177865,cc-by-nc,"(c) Maladhi Maladhi, some rights reserved (CC BY-NC)"
894a1b824acf266c0a9cf685,field_garden,https://www.inaturalist.org/observations/402519614,cc-by-nc,"(c) cclapp, some rights reserved (CC BY-NC)"
353c1ad2e347b3635b186124,field_garden,https://www.inaturalist.org/observations/403653222,cc-by-nc,"(c) River Hess, some rights reserved (CC BY-NC)"
e8cd24eb417eb3e6bced911c,field_garden,https://www.inaturalist.org/observations/394880422,cc-by,"(c) Raja Sekhar Chimirala, some rights reserved (CC BY)"
80ee904ffe5112ed62a8ffa7,field_garden,https://www.inaturalist.org/observations/403546712,cc-by-nc,"(c) petercy, some rights reserved (CC BY-NC)"
9d6a1c6e417a2d6815833b2c,field_garden,https://www.inaturalist.org/observations/402157168,cc-by-nc,"(c) harris45in, some rights reserved (CC BY-NC)"
78d25913ae997e7f72f551b8,field_garden,https://www.inaturalist.org/observations/400617845,cc-by-nc,"(c) Abhishek Baidya, some rights reserved (CC BY-NC)"
557417ee460c033cf26839c7,field_garden,https://www.inaturalist.org/observations/401872959,cc-by-nc,"(c) Roberto R. Calderón, some rights reserved (CC BY-NC)"
6246439428ce21ac370a777e,field_garden,https://www.inaturalist.org/observations/402945870,cc-by-nc,"(c) filipvainer043, some rights reserved (CC BY-NC)"
3b5c70ec274505dd2d4c1ce3,field_garden,https://www.inaturalist.org/observations/403643446,cc-by-nc,"(c) littlespecimen, some rights reserved (CC BY-NC)"
e5777b4247f3bcaa68022811,field_garden,https://www.inaturalist.org/observations/235834297,cc-by-nc,"(c) SONU KUMAR, some rights reserved (CC BY-NC)"
64af5d8f11b5da7bbc86c969,field_garden,https://www.inaturalist.org/observations/403319085,cc-by-sa,"(c) Brian du Preez, some rights reserved (CC BY-SA)"
fe6e77afa360ebc27be5d43b,field_garden,https://www.inaturalist.org/observations/402481679,cc-by-nc,"(c) liz1881, some rights reserved (CC BY-NC)"
67687217d92c383ce554bf48,field_garden,https://www.inaturalist.org/observations/403638688,cc-by,"(c) Clifton Ladd, C.W.B., some rights reserved (CC BY)"
5aac76fe4a1deebffb9d5970,field_garden,https://www.inaturalist.org/observations/400445669,cc-by-nc,"(c) Anika Halota, some rights reserved (CC BY-NC)"
d3658254125453c61d7cbb64,field_garden,https://www.inaturalist.org/observations/402651119,cc-by-nc,"(c) yanfumu, some rights reserved (CC BY-NC)"
86a1a9fb47344924aba5ebf9,field_garden,https://www.inaturalist.org/observations/377991406,cc-by-nc,"(c) Olatorera, some rights reserved (CC BY-NC)"
1b909d5681735ba5bb355261,field_garden,https://www.inaturalist.org/observations/403476479,cc-by-nc,"(c) Shreyash Abuj, some rights reserved (CC BY-NC)"
d55e649332be1be69c537a56,field_garden,https://www.inaturalist.org/observations/402199325,cc-by-nc,"(c) Mohammed Ali Sayed, some rights reserved (CC BY-NC)"
1c459f584da8e5f777ea4916,field_garden,https://www.inaturalist.org/observations/401752801,cc-by-nc,"(c) drsoham-patil, some rights reserved (CC BY-NC)"
6e0d2d18321c3a788005a705,field_garden,https://www.inaturalist.org/observations/401859090,cc-by-nc,"(c) Roberto R. Calderón, some rights reserved (CC BY-NC)"
bd86c210c16b20edb6526c18,field_garden,https://www.inaturalist.org/observations/403350794,cc-by-nc,"(c) Zdenek Kaplan, some rights reserved (CC BY-NC)"
fd1570d99a4490fe8bdb64bd,field_garden,https://www.inaturalist.org/observations/403602490,cc-by-nc,"(c) agalloch, some rights reserved (CC BY-NC)"
d1f5bcd05235b0d3b3c869f0,field_garden,https://www.inaturalist.org/observations/403626091,cc0,no rights reserved
aa75b4ea161bbac74aeae4e7,field_garden,https://www.inaturalist.org/observations/401474625,cc-by-nc,"(c) Kavya Sree yadav, some rights reserved (CC BY-NC)"
2b427cce70bb021d8e62a73a,field_garden,https://www.inaturalist.org/observations/403206702,cc-by-nc,"(c) Sushant Kumar Mishra, some rights reserved (CC BY-NC)"
06761ef5d4c60bc52647b2bd,field_garden,https://www.inaturalist.org/observations/401772456,cc-by-nc,"(c) Dipin R.V, some rights reserved (CC BY-NC)"
5a2617bc3a1bd7f46b3064bf,field_garden,https://www.inaturalist.org/observations/388433870,cc-by-nc,"(c) Julie George OFFICE OF ACADEMIC SUPPORT, some rights reserved (CC BY-NC)"
05183937baef66ce63a63d56,field_garden,https://www.inaturalist.org/observations/402536351,cc-by-nc,"(c) laranepomuceno, some rights reserved (CC BY-NC)"
3b2df45adc7218b0840c6378,field_garden,https://www.inaturalist.org/observations/403353226,cc-by-nc,"(c) becca_kd, some rights reserved (CC BY-NC)"
807cbee025ea8494255045a3,field_garden,https://www.inaturalist.org/observations/399931250,cc-by-nc,"(c) Banujah Theivendrarajah, some rights reserved (CC BY-NC)"
1a7ab99bec156a6f6c01421f,field_garden,https://www.inaturalist.org/observations/403471871,cc-by-nc,"(c) Shreyash Abuj, some rights reserved (CC BY-NC)"
eab83d3271e2f1689f89ac12,field_garden,https://www.inaturalist.org/observations/402989681,cc-by-nc,"(c) Hitesh Sharda, some rights reserved (CC BY-NC)"
006492fd268108e7cef0a2f8,field_garden,https://www.inaturalist.org/observations/401611500,cc-by-nc,"(c) Matej Dudáš, some rights reserved (CC BY-NC)"
6ae9b5eabf954f90e299d6cc,field_garden,https://www.inaturalist.org/observations/398097262,cc-by-nc,"(c) thetlcfarm, some rights reserved (CC BY-NC)"
66e3c19dab6928c6cbc82ade,field_garden,https://www.inaturalist.org/observations/403617537,cc-by-nc,"(c) Наталья Гамова, some rights reserved (CC BY-NC)"
98f2d7133a3046eca9e35077,field_garden,https://www.inaturalist.org/observations/399301619,cc-by,"(c) Fyodor Pudovikov, some rights reserved (CC BY)"
716fb6a81d31c87d5083155f,field_garden,https://www.inaturalist.org/observations/401369272,cc-by-nc,"(c) Lyla Xia Zhu, some rights reserved (CC BY-NC)"
519fb23bb202fcaa32a040b0,field_garden,https://www.inaturalist.org/observations/403186238,cc-by-nc,"(c) Elle Ratay, some rights reserved (CC BY-NC)"
f03722897b27018a14087d0b,field_garden,https://www.inaturalist.org/observations/402655396,cc-by-nc,"(c) tsudakazutoshi, some rights reserved (CC BY-NC)"
6be70553d84e797346842c1c,field_garden,https://www.inaturalist.org/observations/402665608,cc0,no rights reserved
d88b22e4e3a025170cab5a64,field_garden,https://www.inaturalist.org/observations/397428503,cc-by-nc,"(c) Kyle Smith, some rights reserved (CC BY-NC)"
44ec2cfd89ce2de351eb667f,field_garden,https://www.inaturalist.org/observations/402924307,cc-by-nc,"(c) 이병우, some rights reserved (CC BY-NC)"
1eb441875be215ca5eedd796,field_garden,https://www.inaturalist.org/observations/402907086,cc-by-nc,"(c) hundred-pace-viper-insulator, some rights reserved (CC BY-NC)"
628392f67273d60728b6e4a5,field_garden,https://www.inaturalist.org/observations/400239207,cc-by-nc,"(c) Franco Colnago, some rights reserved (CC BY-NC)"
c5610e0e0f65de7b63ea0d5e,field_garden,https://www.inaturalist.org/observations/1375549,cc-by-nc,"(c) Opuntia Cadereytensis, some rights reserved (CC BY-NC)"
aaedc7d61d7b62f8c96f60f5,field_garden,https://www.inaturalist.org/observations/402146950,cc-by-nc,"(c) aphiledladla3, some rights reserved (CC BY-NC)"
92846dee456b6c067853247b,field_garden,https://www.inaturalist.org/observations/402930949,cc-by-nc,"(c) Sarbani Purkait, some rights reserved (CC BY-NC)"
8b85d8409c3e029465879793,field_garden,https://www.inaturalist.org/observations/402680340,cc-by-nc,"(c) Mandira Aroskar, some rights reserved (CC BY-NC)"
ac3f3f65202cfecf08d3408c,field_garden,https://www.inaturalist.org/observations/400076456,cc-by-nc,"(c) mr bohan, some rights reserved (CC BY-NC)"
dfc30252dfb07836ab46bee9,field_garden,https://www.inaturalist.org/observations/396936464,cc-by-nc,"(c) yakubuf, some rights reserved (CC BY-NC)"
b297b81ee7942caad4abe0ac,field_garden,https://www.inaturalist.org/observations/402460706,cc-by-nc,"(c) Priyanath, some rights reserved (CC BY-NC)"
33a2fa43279f99e83181e859,field_garden,https://www.inaturalist.org/observations/403651145,cc-by-nc,"(c) gy2023, some rights reserved (CC BY-NC)"
d021c1c2d77c61ac371c69b0,field_garden,https://www.inaturalist.org/observations/401830305,cc-by-nc,"(c) SHASHI SINGH, some rights reserved (CC BY-NC)"
36fcf68b8361dd19b8caf72c,field_garden,https://www.inaturalist.org/observations/403500598,cc-by-nc,"(c) maegdt, some rights reserved (CC BY-NC)"
48084ab322c03eb5805f2d52,field_garden,https://www.inaturalist.org/observations/403201455,cc-by,"(c) Oleksandr Shynder, some rights reserved (CC BY)"
1a1e4534eb5ecbcf7a21861b,field_garden,https://www.inaturalist.org/observations/399430885,cc-by-nc,"(c) Vivek Patel, some rights reserved (CC BY-NC)"
6e8f3e13c2d14592d5153ac0,field_garden,https://www.inaturalist.org/observations/402773964,cc-by,"(c) ktakahashi, some rights reserved (CC BY)"
c552ec31dbd0f77b0c5e5073,field_garden,https://www.inaturalist.org/observations/403559057,cc-by-nc,"(c) Finn Newman, some rights reserved (CC BY-NC)"
237d7db263d55c55a3909282,field_garden,https://www.inaturalist.org/observations/403396953,cc-by-nc,"(c) mrsenderst, some rights reserved (CC BY-NC)"
b46a4fdbdab4ce545f11b735,field_garden,https://www.inaturalist.org/observations/235270302,cc-by-nc,"(c) SONU KUMAR, some rights reserved (CC BY-NC)"
28b9c45a8c8962eb443a36cb,field_garden,https://www.inaturalist.org/observations/403563004,cc-by-nc,"(c) reginalee1992, some rights reserved (CC BY-NC)"
66e88c8bcd3c11f6bba5c969,field_garden,https://www.inaturalist.org/observations/403059145,cc-by-nc,"(c) Maria Inalda, some rights reserved (CC BY-NC)"
f1a13f7253bc730e51e5f46b,field_garden,https://www.inaturalist.org/observations/403638747,cc-by,"(c) Clifton Ladd, C.W.B., some rights reserved (CC BY)"
5fd4f4468aea39a020e595b0,field_garden,https://www.inaturalist.org/observations/403528812,cc-by-nc,"(c) umbertuccio, some rights reserved (CC BY-NC)"
ef64d1d6d31f78f70ca7f504,field_garden,https://www.inaturalist.org/observations/395330933,cc-by-nc,"(c) Scott A. Smith, some rights reserved (CC BY-NC)"
1cff25020a2bc2b7c308c997,field_garden,https://www.inaturalist.org/observations/358125659,cc-by-nc,"(c) Spa12152Uraiphon, some rights reserved (CC BY-NC)"
7589aee335b11d1974215e95,field_garden,https://www.inaturalist.org/observations/403476474,cc-by-nc,"(c) Kiran Bergude, some rights reserved (CC BY-NC)"
3a12ef8281ee3b501307e03f,field_garden,https://www.inaturalist.org/observations/402004474,cc-by-nc,"(c) silviavasvil, some rights reserved (CC BY-NC)"
c5208b9aa7b2a89b9f3a9b6a,field_garden,https://www.inaturalist.org/observations/398891027,cc-by-nc,"(c) erik s perea p, some rights reserved (CC BY-NC)"
0380448e32f590e4deb392e9,field_garden,https://www.inaturalist.org/observations/403345490,cc-by-nc,"(c) Zdenek Kaplan, some rights reserved (CC BY-NC)"
7599d75346c357c73a68a9e1,field_garden,https://www.inaturalist.org/observations/403600360,cc-by-nc,"(c) tim woods, some rights reserved (CC BY-NC)"
90732f3babd9486401c5ec11,field_garden,https://www.inaturalist.org/observations/403355741,cc-by-nc,"(c) princesscadence, some rights reserved (CC BY-NC)"
9bfd593dc4906a5e8549d655,field_garden,https://www.inaturalist.org/observations/376729755,cc-by-nc,"(c) Lizzy Mariela Barahona cruz, some rights reserved (CC BY-NC)"
9a915d995b62e86e9771482d,field_garden,https://www.inaturalist.org/observations/402184563,cc-by-nc,"(c) Wildan Yogaswara, some rights reserved (CC BY-NC)"
be2e832e1cf73b5d905cec62,field_garden,https://www.inaturalist.org/observations/400492417,cc-by-nc,"(c) Andres, some rights reserved (CC BY-NC)"
9554c8de00da42601ec80e14,field_garden,https://www.inaturalist.org/observations/385214136,cc-by-nc,"(c) Dhruva Punde, some rights reserved (CC BY-NC)"
496c1c7337cff36fd7a4f66e,field_garden,https://www.inaturalist.org/observations/403410897,cc-by-nc,"(c) James K. Wetterer, some rights reserved (CC BY-NC)"
cdcb9c7a6fe62c994a27589f,field_garden,https://www.inaturalist.org/observations/402999620,cc-by-nc,"(c) fatimamoh, some rights reserved (CC BY-NC)"
2d8778f229df869a92501331,field_garden,https://www.inaturalist.org/observations/403193341,cc-by-nc,"(c) Jayita Mazumdar, some rights reserved (CC BY-NC)"
a61051fa6fd669e8a55e7867,field_garden,https://www.inaturalist.org/observations/401831782,cc-by-nc,"(c) Jwoo GO, some rights reserved (CC BY-NC)"
31b3b732192d781ceaba9f1d,field_garden,https://www.inaturalist.org/observations/396335098,cc-by-nc,"(c) deng simiao, some rights reserved (CC BY-NC)"
d8658c141356d9a5f8a17c92,field_garden,https://www.inaturalist.org/observations/403617590,cc-by-nc,"(c) Наталья Гамова, some rights reserved (CC BY-NC)"
9ccab3b4378126f56a1f4356,field_garden,https://www.inaturalist.org/observations/403150324,cc-by-nc,"(c) ecay-mx3, some rights reserved (CC BY-NC)"
406292ff4620c517d496938e,field_garden,https://www.inaturalist.org/observations/389417035,cc-by-nc,"(c) Юрий, some rights reserved (CC BY-NC)"
20953bb968d9b1035f806c93,field_garden,https://www.inaturalist.org/observations/401570499,cc-by-nc,"(c) Atiyyah Nazir Yahaya, some rights reserved (CC BY-NC)"
4fd3842ab1a0ec7351bd9543,field_garden,https://www.inaturalist.org/observations/402945050,cc-by-nc,"(c) Hana Young, some rights reserved (CC BY-NC)"
20ef7c986392af1e2b42702a,field_garden,https://www.inaturalist.org/observations/400200749,cc-by-nc,"(c) sairt, some rights reserved (CC BY-NC)"
f31b9843bc9adaf0fbdcf4dd,field_garden,https://www.inaturalist.org/observations/401291818,cc-by-nc,"(c) Raasbihari Kumar, some rights reserved (CC BY-NC)"
d11bb9aa983a6101a381f111,field_garden,https://www.inaturalist.org/observations/402079246,cc-by-nc,"(c) kevinlin2022, some rights reserved (CC BY-NC)"
9e575ed403636db763b09267,field_garden,https://www.inaturalist.org/observations/369759771,cc-by-nc,"(c) Fatima Flores, some rights reserved (CC BY-NC)"
6e441081c0815d3b0bb609a3,field_garden,https://www.inaturalist.org/observations/403347124,cc-by-nc,"(c) Ege, some rights reserved (CC BY-NC)"
7f6b7a6adb7e65c933ed829c,field_garden,https://www.inaturalist.org/observations/402555834,cc-by-nc,"(c) Elda Couto, some rights reserved (CC BY-NC)"
a5f0276e83d295bd19d9faa1,field_garden,https://www.inaturalist.org/observations/403198849,cc-by-nc,"(c) Janki, some rights reserved (CC BY-NC)"
69c6bd344e70edba6654fce5,field_garden,https://www.inaturalist.org/observations/402681282,cc-by-nc,"(c) Pinky Gaude, some rights reserved (CC BY-NC)"
c1476945bdf1953e7f0d61fb,field_garden,https://www.inaturalist.org/observations/395640562,cc-by-nc,"(c) jshull67, some rights reserved (CC BY-NC)"
1b30b096cca8d0857157bb7b,field_garden,https://www.inaturalist.org/observations/323901838,cc-by-nc,"(c) toinedev, some rights reserved (CC BY-NC)"
346e2bf4cb940fecd96ac816,field_garden,https://www.inaturalist.org/observations/250484413,cc-by-nc,"(c) jbvm, some rights reserved (CC BY-NC)"
f76d180197568ca98ad0edf5,field_garden,https://www.inaturalist.org/observations/249742031,cc-by-nc,"(c) vendyjulia, some rights reserved (CC BY-NC)"
2cdfeb98576b1ac6bc82ff4d,field_garden,https://www.inaturalist.org/observations/247745963,cc-by-nc,"(c) remirobert, some rights reserved (CC BY-NC)"
66ed067ca73dbafa049ba85c,field_garden,https://www.inaturalist.org/observations/233451931,cc-by-nc,"(c) Konrad and Roland Greinwald, some rights reserved (CC BY-NC)"
0cc1cda3d8c4d13a3e945645,field_garden,https://www.inaturalist.org/observations/126545099,cc-by-nc,"(c) deldean, some rights reserved (CC BY-NC)"
c41ff80faba40301c8c27fbb,field_garden,https://www.inaturalist.org/observations/38845589,cc-by-nc,"(c) Gennadiy Okatov, some rights reserved (CC BY-NC)"
e81c6ce223b8403b8c055b5c,field_garden,https://www.inaturalist.org/observations/38843081,cc-by-nc,"(c) Gennadiy Okatov, some rights reserved (CC BY-NC)"
f5eb486516ac829ae855bbbf,field_garden,https://www.inaturalist.org/observations/38843080,cc-by-nc,"(c) Gennadiy Okatov, some rights reserved (CC BY-NC)"
123f5f4fa7ef3e0f84f2b255,field_garden,https://www.inaturalist.org/observations/399304836,cc-by-nc,"(c) almerj, some rights reserved (CC BY-NC)"
852e26fcd66e2ab06b4f3cb7,field_garden,https://www.inaturalist.org/observations/399208983,cc-by-nc,"(c) Ayco Tack, some rights reserved (CC BY-NC)"
b35765381e86e0e1a61ab3a2,field_garden,https://www.inaturalist.org/observations/356683576,cc-by-nc,"(c) Tyler McBeth, some rights reserved (CC BY-NC)"
fd4b73e455ef00fb3c6aa795,field_garden,https://www.inaturalist.org/observations/356335521,cc-by-nc,"(c) katrina hashagen, some rights reserved (CC BY-NC)"
dcc30e8e25c442537d520feb,field_garden,https://www.inaturalist.org/observations/352465449,cc-by,"(c) Liadan Dickie, some rights reserved (CC BY)"
1a61d6eb9b9bd0275c39a139,field_garden,https://www.inaturalist.org/observations/144429377,cc-by-nc,"(c) Andy Donegan, some rights reserved (CC BY-NC)"
546d7275be12c5499a22b182,field_garden,https://www.inaturalist.org/observations/55375637,cc-by-nc,"(c) Kritsada Moomuang, some rights reserved (CC BY-NC)"
9772eff69668e37f47df9094,field_garden,https://www.inaturalist.org/observations/402018532,cc-by-nc,"(c) Alex Payne, some rights reserved (CC BY-NC)"
391d2e06a9f38edfe0fdfd4a,field_garden,https://www.inaturalist.org/observations/401844013,cc-by-nc,"(c) madarchmad, some rights reserved (CC BY-NC)"
c0c13686b37f245d382922f4,field_garden,https://www.inaturalist.org/observations/401813850,cc0,no rights reserved
5ac2c93e7af22ae18be8694d,field_garden,https://www.inaturalist.org/observations/237226121,cc-by,"(c) Senna Bryce Robeson, some rights reserved (CC BY)"
2b8569b73cdd66bab0fc086d,field_garden,https://www.inaturalist.org/observations/184176084,cc-by,"(c) Bonnie Semmling, some rights reserved (CC BY)"
0a4368f29fdc09cdbde4bef2,field_garden,https://www.inaturalist.org/observations/184062110,cc-by,"(c) Bonnie Semmling, some rights reserved (CC BY)"
a5de5d87e5a635d3adeedc42,field_garden,https://www.inaturalist.org/observations/160628234,cc-by-nc,"(c) lamiafaae, some rights reserved (CC BY-NC)"
gu_67b3f55dc196c2ed7bd181a2,generic_commons,https://commons.wikimedia.org/wiki/File:Australia_shrub_plant_-_dying_due_to_having_too_much_sunlight.jpg,CC BY-SA 4.0,Joditran
gu_1a2efa49c2f85ea44c776881,generic_commons,"https://commons.wikimedia.org/wiki/File:Dead_plant_grown_in_plastic_bottle,_April_2013.jpg",CC BY-SA 4.0,Luís Filipe Figueiredo Alves Gaspar
gu_d08c7c0dbf6197b7dc3083c6,generic_commons,https://commons.wikimedia.org/wiki/File:Dead_plant_in_pots.jpg,CC BY-SA 2.0,vetcw3
gu_f4c70349bb2834150ceae495,generic_commons,https://commons.wikimedia.org/wiki/File:Plants_affected_by_Below_Freezing_Temps.jpg,CC BY 3.0,Doggo19292
gu_f608fa02f06364570bb343cb,generic_commons,https://commons.wikimedia.org/wiki/File:Dried_up_potted_plant_with_the_flag_of_the_United_States_at_the_Wheels_of_Yesteryear_Vintage_Auto_Museum_May_2022.jpg,CC BY-SA 4.0,DogsRNice
gu_0dfd58aba184e3ef36ac8c2f,generic_commons,"https://commons.wikimedia.org/wiki/File:2023-06-04_16_12_41_A_forsythia_bush_wilting_during_a_dry_spell_along_Barbara_Lane_in_the_Mountainview_section_of_Ewing_Township,_Mercer_County,_New_Jersey.jpg",CC BY-SA 4.0,Famartin
gu_84ebbcb881c0a370bd1725c3,generic_commons,https://commons.wikimedia.org/wiki/File:Beta_vulgaris_subsp._vulgaris_var._altissima_drought_(02).jpg,CC BY-SA 3.0,Rasbak
gu_dfb5bb68b495474d057fb14b,generic_commons,https://commons.wikimedia.org/wiki/File:Beta_vulgaris_subsp._vulgaris_var._altissima_drought_(04).jpg,CC BY-SA 3.0,Rasbak
gu_ae5c0a97e4e41c098682352f,generic_commons,https://commons.wikimedia.org/wiki/File:Capsicum_annuum_clorosis.jpg,CC BY-SA 3.0,Dacnoh
gu_1e1909480b442c271eefa525,generic_commons,https://commons.wikimedia.org/wiki/File:Chlorose_hortensia.jpg,CC BY-SA 4.0,Pierre.hamelin
gu_619f5a7bc6c2dacd4a4983e5,generic_commons,https://commons.wikimedia.org/wiki/File:Chlorosis-1-selvapuram-coimbatore-India.jpg,CC BY-SA 4.0,Yercaud-elango
gu_5e1ec5ac32bf3c96d8c5ef30,generic_commons,https://commons.wikimedia.org/wiki/File:Chlorosis-2-selvapuram-coimbatore-India.jpg,CC BY-SA 4.0,Yercaud-elango
gu_df04a6b40bd125da58177eec,generic_commons,https://commons.wikimedia.org/wiki/File:Chlorosis-3-selvapuram-coimbatore-India.jpg,CC BY-SA 4.0,Yercaud-elango
gu_5d2d7154f88d428c5a8fa8b8,generic_commons,https://commons.wikimedia.org/wiki/File:ChloroticBlueberryLeaf.JPG,Public domain,Reznil
gu_af1f4abe9b59e4ad55a6776f,generic_commons,https://commons.wikimedia.org/wiki/File:Citrus_limon_chlorosis.jpg,CC BY-SA 3.0,Rasbak
gu_077da646e138cc31000968ed,generic_commons,https://commons.wikimedia.org/wiki/File:Ficus_benjamina_with_chlorosis_(1_of_2).jpg,CC BY-SA 4.0,Trio3D
gu_58e1418b7c01294b6c97d89d,generic_commons,"https://commons.wikimedia.org/wiki/File:Iron_chlorosis_on_young_rose_leaves_in_a_garden,_by_baby-bear.org.jpg",CC BY 4.0,Natalka Ukraine
gu_7bf8d3fb3f92a4d2a2d5e26f,generic_commons,https://commons.wikimedia.org/wiki/File:Coleroa_robertiani.jpg,CC BY 4.0,Jaiiiiiiii
gu_9789d8d1d273d2f214ba066a,generic_commons,https://commons.wikimedia.org/wiki/File:Ridderzuring_bladvlekkenziekte_(Rumex_obtusifolius_with_leaf_spot).jpg,CC BY-SA 3.0,Rasbak
gu_f63f2d3de9a6956d2b7c3e56,generic_commons,https://commons.wikimedia.org/wiki/File:08_ao%C3%BBt_2019_-_Trous_d%27altises_sur_le_chou.jpg,CC BY-SA 4.0,FarceRéjeane
gu_b27282d8b2f8cf6a29bf2621,generic_commons,"https://commons.wikimedia.org/wiki/File:2018-05-13_(175)_Damaged_leaves_at_Bichlh%C3%A4usl_in_Frankenfels,_Austria.jpg",CC BY-SA 4.0,GT1976
gu_db1addc00cdebea905202822,generic_commons,https://commons.wikimedia.org/wiki/File:Avocado_leaves.JPG,CC BY-SA 4.0,Ecoesref
gu_2a438ab04d849cc4fd6858e3,generic_commons,https://commons.wikimedia.org/wiki/File:Awa_Pythium_Root_Rot_--_wilt_on_young_plant.jpg,CC0,Scot Nelson
gu_2423bbc94eebbb4f61eb28ac,generic_commons,https://commons.wikimedia.org/wiki/File:Bacterial_wilt_1_(5684778520).jpg,CC0,Scot Nelson
gu_c43a2177344770ab300dffa8,generic_commons,https://commons.wikimedia.org/wiki/File:Bacterial_wilt_of_pepper_(9159744719).jpg,CC0,Scot Nelson
gu_fe30d12eea29c21fd7d061fe,generic_commons,https://commons.wikimedia.org/wiki/File:Photo-of-a-real-wilting-cucumber-in-greenhouse.jpg,CC BY 4.0,"Shenglian Lu, Chunjiang Zhao, Xinyu Guo"
pv_caa0f6a3c78bfb75dd39,plantvillage,https://github.com/spMohanty/PlantVillage-Dataset/blob/master/raw/color/Apple___healthy/0d072074-0253-4a6b-a4cb-02f520c46942___RS_HL%205805.JPG,PlantVillage open-access dataset; cite source repository and paper,"PlantVillage / Mohanty, Hughes, and Salathé"
pv_7e0d1d9a5f2fd7357f8d,plantvillage,https://github.com/spMohanty/PlantVillage-Dataset/blob/master/raw/color/Apple___healthy/013b7c70-5e3b-42b7-86af-167815a5b04f___RS_HL%207480.JPG,PlantVillage open-access dataset; cite source repository and paper,"PlantVillage / Mohanty, Hughes, and Salathé"
pv_e35a475a695c29ee2407,plantvillage,https://github.com/spMohanty/PlantVillage-Dataset/blob/master/raw/color/Apple___healthy/2e7471ae-fd24-4038-9caf-98f4cf2a6946___RS_HL%207437.JPG,PlantVillage open-access dataset; cite source repository and paper,"PlantVillage / Mohanty, Hughes, and Salathé"
pv_13be20777d65c98af1a0,plantvillage,https://github.com/spMohanty/PlantVillage-Dataset/blob/master/raw/color/Apple___healthy/d76e79e5-2cd5-4a03-9354-5759b2741210___RS_HL%207980.JPG,PlantVillage open-access dataset; cite source repository and paper,"PlantVillage / Mohanty, Hughes, and Salathé"
pv_df0a9bbd39d57b88a5b6,plantvillage,https://github.com/spMohanty/PlantVillage-Dataset/blob/master/raw/color/Blueberry___healthy/bbb5f4ac-9750-4052-854c-13ae9c892c8a___RS_HL%200507.JPG,PlantVillage open-access dataset; cite source repository and paper,"PlantVillage / Mohanty, Hughes, and Salathé"
pv_7bee13090b32add44e7c,plantvillage,https://github.com/spMohanty/PlantVillage-Dataset/blob/master/raw/color/Blueberry___healthy/f9f3b55f-57e1-4680-9603-0db01c358ab2___RS_HL%204901.JPG,PlantVillage open-access dataset; cite source repository and paper,"PlantVillage / Mohanty, Hughes, and Salathé"
pv_9ae50b067413fedfa256,plantvillage,https://github.com/spMohanty/PlantVillage-Dataset/blob/master/raw/color/Blueberry___healthy/42e95bb4-0abf-4278-85ee-fb86b9ce980f___RS_HL%205140.JPG,PlantVillage open-access dataset; cite source repository and paper,"PlantVillage / Mohanty, Hughes, and Salathé"
pv_00bf99e45780e93ce107,plantvillage,https://github.com/spMohanty/PlantVillage-Dataset/blob/master/raw/color/Blueberry___healthy/1adda0b0-34d6-4675-a3c3-ee47536bd01b___RS_HL%202363.JPG,PlantVillage open-access dataset; cite source repository and paper,"PlantVillage / Mohanty, Hughes, and Salathé"
pv_8b494853bd0f1965893e,plantvillage,https://github.com/spMohanty/PlantVillage-Dataset/blob/master/raw/color/Cherry_%28including_sour%29___healthy/3d1e2c32-fcbb-4864-9a32-105954683226___JR_HL%209656.JPG,PlantVillage open-access dataset; cite source repository and paper,"PlantVillage / Mohanty, Hughes, and Salathé"
pv_891590445f9a3dfec46e,plantvillage,https://github.com/spMohanty/PlantVillage-Dataset/blob/master/raw/color/Cherry_%28including_sour%29___healthy/8352e65f-aecd-4b9d-881c-85f71f702e59___JR_HL%209460.JPG,PlantVillage open-access dataset; cite source repository and paper,"PlantVillage / Mohanty, Hughes, and Salathé"
pv_d4db97d5155797a2a7eb,plantvillage,https://github.com/spMohanty/PlantVillage-Dataset/blob/master/raw/color/Cherry_%28including_sour%29___healthy/4a4c92aa-54e7-4a06-a18c-a399fcc4a649___JR_HL%204064.JPG,PlantVillage open-access dataset; cite source repository and paper,"PlantVillage / Mohanty, Hughes, and Salathé"
pv_b091b2ed8e9331fea60d,plantvillage,https://github.com/spMohanty/PlantVillage-Dataset/blob/master/raw/color/Cherry_%28including_sour%29___healthy/141d550c-95f0-45eb-8196-8886f0b1acd6___JR_HL%204000.JPG,PlantVillage open-access dataset; cite source repository and paper,"PlantVillage / Mohanty, Hughes, and Salathé"
pv_5d5e88a5e4124d3586d3,plantvillage,https://github.com/spMohanty/PlantVillage-Dataset/blob/master/raw/color/Corn_%28maize%29___healthy/a5a5c12f-ed24-4ed0-9b27-fc582210b907___R.S_HL%207937%20copy.jpg,PlantVillage open-access dataset; cite source repository and paper,"PlantVillage / Mohanty, Hughes, and Salathé"
pv_264253fbad98db9db6e1,plantvillage,https://github.com/spMohanty/PlantVillage-Dataset/blob/master/raw/color/Corn_%28maize%29___healthy/d552ad85-4b43-430b-97fc-eaeddbaa78f6___R.S_HL%205506%20copy.jpg,PlantVillage open-access dataset; cite source repository and paper,"PlantVillage / Mohanty, Hughes, and Salathé"
pv_d98361416cf2b650f43a,plantvillage,https://github.com/spMohanty/PlantVillage-Dataset/blob/master/raw/color/Corn_%28maize%29___healthy/b31834af-a313-45a2-82ff-b6d6ecc2d853___R.S_HL%208233%20copy.jpg,PlantVillage open-access dataset; cite source repository and paper,"PlantVillage / Mohanty, Hughes, and Salathé"
pv_de8facc4772371e2484d,plantvillage,https://github.com/spMohanty/PlantVillage-Dataset/blob/master/raw/color/Corn_%28maize%29___healthy/1693cd6c-a0ce-4956-bef9-4d64d7c86814___R.S_HL%205541%20copy.jpg,PlantVillage open-access dataset; cite source repository and paper,"PlantVillage / Mohanty, Hughes, and Salathé"
pv_a6904e0754a328e3c45b,plantvillage,https://github.com/spMohanty/PlantVillage-Dataset/blob/master/raw/color/Grape___healthy/f8f6d1ee-deb5-4b3c-a92e-2583e2d6d590___Mt.N.V_HL%206122.JPG,PlantVillage open-access dataset; cite source repository and paper,"PlantVillage / Mohanty, Hughes, and Salathé"
pv_60080061069995ba96eb,plantvillage,https://github.com/spMohanty/PlantVillage-Dataset/blob/master/raw/color/Grape___healthy/848ddcdf-864a-40a3-9713-b0bb2999b410___Mt.N.V_HL%206168.JPG,PlantVillage open-access dataset; cite source repository and paper,"PlantVillage / Mohanty, Hughes, and Salathé"
pv_9a124ca3cced02aa9834,plantvillage,https://github.com/spMohanty/PlantVillage-Dataset/blob/master/raw/color/Grape___healthy/d61f8828-71c9-4f3d-85e7-47a33b2fd3fe___Mt.N.V_HL%208906.JPG,PlantVillage open-access dataset; cite source repository and paper,"PlantVillage / Mohanty, Hughes, and Salathé"
pv_beae402a855b8bf54893,plantvillage,https://github.com/spMohanty/PlantVillage-Dataset/blob/master/raw/color/Peach___healthy/321c6841-896c-4ba6-8532-2f977685003b___Rutg._HL%203513.JPG,PlantVillage open-access dataset; cite source repository and paper,"PlantVillage / Mohanty, Hughes, and Salathé"
pv_55cdff6f26f033a56241,plantvillage,https://github.com/spMohanty/PlantVillage-Dataset/blob/master/raw/color/Peach___healthy/d4135e72-f37e-480c-8e8d-318c8f559302___Rutg._HL%203756.JPG,PlantVillage open-access dataset; cite source repository and paper,"PlantVillage / Mohanty, Hughes, and Salathé"
pv_e8bf42d99e5b865ea48d,plantvillage,https://github.com/spMohanty/PlantVillage-Dataset/blob/master/raw/color/Peach___healthy/d8426d2f-8dbb-45d7-9f59-d82dd15cb38b___Rutg._HL%203520.JPG,PlantVillage open-access dataset; cite source repository and paper,"PlantVillage / Mohanty, Hughes, and Salathé"
pv_8c42b7b8c3e8b41b59e3,plantvillage,https://github.com/spMohanty/PlantVillage-Dataset/blob/master/raw/color/Pepper%2C_bell___healthy/d73e8a23-5eac-4278-92f1-275bb49bec57___JR_HL%208286.JPG,PlantVillage open-access dataset; cite source repository and paper,"PlantVillage / Mohanty, Hughes, and Salathé"
pv_97659ecda756f8bf44e5,plantvillage,https://github.com/spMohanty/PlantVillage-Dataset/blob/master/raw/color/Pepper%2C_bell___healthy/88bf85cd-2b1a-46e1-a809-9a1180dfe571___JR_HL%208617.JPG,PlantVillage open-access dataset; cite source repository and paper,"PlantVillage / Mohanty, Hughes, and Salathé"
pv_c6b50e7436305d98539c,plantvillage,https://github.com/spMohanty/PlantVillage-Dataset/blob/master/raw/color/Pepper%2C_bell___healthy/a5b9156c-ffac-49f0-8b45-2539f6bbca7d___JR_HL%208836.JPG,PlantVillage open-access dataset; cite source repository and paper,"PlantVillage / Mohanty, Hughes, and Salathé"
pv_efd95ba927aef26d13ad,plantvillage,https://github.com/spMohanty/PlantVillage-Dataset/blob/master/raw/color/Potato___healthy/f30983c0-6e20-43cc-8672-4622ca34c830___RS_HL%201949.JPG,PlantVillage open-access dataset; cite source repository and paper,"PlantVillage / Mohanty, Hughes, and Salathé"
pv_118063919875596b641a,plantvillage,https://github.com/spMohanty/PlantVillage-Dataset/blob/master/raw/color/Potato___healthy/6f4b9acd-f34d-4771-a6bc-2001de2dd1d3___RS_HL%201898.JPG,PlantVillage open-access dataset; cite source repository and paper,"PlantVillage / Mohanty, Hughes, and Salathé"
pv_2f3d9f10f7505b56f0e9,plantvillage,https://github.com/spMohanty/PlantVillage-Dataset/blob/master/raw/color/Potato___healthy/c6204cb3-cd9f-4d7b-92a6-9773fe562cab___RS_HL%201939.JPG,PlantVillage open-access dataset; cite source repository and paper,"PlantVillage / Mohanty, Hughes, and Salathé"
pv_b77f22e3c79909d19d40,plantvillage,https://github.com/spMohanty/PlantVillage-Dataset/blob/master/raw/color/Raspberry___healthy/75f56384-1805-4f7f-8ad8-a2871d344bff___Mary_HL%209144.JPG,PlantVillage open-access dataset; cite source repository and paper,"PlantVillage / Mohanty, Hughes, and Salathé"
pv_4987a1a33b7dfec6405d,plantvillage,https://github.com/spMohanty/PlantVillage-Dataset/blob/master/raw/color/Raspberry___healthy/60b355c2-b031-49e3-bc98-dc5d6bd3f6b1___Mary_HL%209288.JPG,PlantVillage open-access dataset; cite source repository and paper,"PlantVillage / Mohanty, Hughes, and Salathé"
pv_364eb5e15c3311e79d9d,plantvillage,https://github.com/spMohanty/PlantVillage-Dataset/blob/master/raw/color/Raspberry___healthy/17e50337-1fc7-413d-a9e5-2825b1b8e7bb___Mary_HL%206390.JPG,PlantVillage open-access dataset; cite source repository and paper,"PlantVillage / Mohanty, Hughes, and Salathé"
pv_712c70910e060556f188,plantvillage,https://github.com/spMohanty/PlantVillage-Dataset/blob/master/raw/color/Soybean___healthy/8c367dcf-fd47-4017-a60d-730ae2a08e71___RS_HL%204057.JPG,PlantVillage open-access dataset; cite source repository and paper,"PlantVillage / Mohanty, Hughes, and Salathé"
pv_9cef02446f7a748e2d2a,plantvillage,https://github.com/spMohanty/PlantVillage-Dataset/blob/master/raw/color/Soybean___healthy/ceb05d36-0b48-49c7-921d-0824b741c5b8___RS_HL%206416.JPG,PlantVillage open-access dataset; cite source repository and paper,"PlantVillage / Mohanty, Hughes, and Salathé"
pv_a8e582e38d3b3ead5a07,plantvillage,https://github.com/spMohanty/PlantVillage-Dataset/blob/master/raw/color/Soybean___healthy/599fb31e-21df-4199-9cc9-aef2d8b72af0___RS_HL%204290.JPG,PlantVillage open-access dataset; cite source repository and paper,"PlantVillage / Mohanty, Hughes, and Salathé"
pv_bbad6b6eb9e2e94670c8,plantvillage,https://github.com/spMohanty/PlantVillage-Dataset/blob/master/raw/color/Strawberry___healthy/62229adb-1069-4622-8474-7468c668ca16___RS_HL%201637.JPG,PlantVillage open-access dataset; cite source repository and paper,"PlantVillage / Mohanty, Hughes, and Salathé"
pv_a995f914b64fed507523,plantvillage,https://github.com/spMohanty/PlantVillage-Dataset/blob/master/raw/color/Strawberry___healthy/975a4f22-0c55-4d2a-a4a2-e8686acc9897___RS_HL%201799.JPG,PlantVillage open-access dataset; cite source repository and paper,"PlantVillage / Mohanty, Hughes, and Salathé"
pv_c5d9937e08e2178dbc50,plantvillage,https://github.com/spMohanty/PlantVillage-Dataset/blob/master/raw/color/Strawberry___healthy/6e3bbd66-5fb8-4cef-a84f-ac093bb96b1f___RS_HL%204856.JPG,PlantVillage open-access dataset; cite source repository and paper,"PlantVillage / Mohanty, Hughes, and Salathé"
pv_7b83c5c11714b3746676,plantvillage,https://github.com/spMohanty/PlantVillage-Dataset/blob/master/raw/color/Tomato___healthy/166b90f5-3bba-4aea-9bc4-212efb57a504___RS_HL%200377.JPG,PlantVillage open-access dataset; cite source repository and paper,"PlantVillage / Mohanty, Hughes, and Salathé"
pv_cefa84d2a1f80b61d57b,plantvillage,https://github.com/spMohanty/PlantVillage-Dataset/blob/master/raw/color/Tomato___healthy/ab43ead0-0a4c-4069-8c29-43310eb145e1___GH_HL%20Leaf%20419.JPG,PlantVillage open-access dataset; cite source repository and paper,"PlantVillage / Mohanty, Hughes, and Salathé"
pv_ce2513dafd61835681b9,plantvillage,https://github.com/spMohanty/PlantVillage-Dataset/blob/master/raw/color/Tomato___healthy/e531e3da-a55b-41a9-8700-3e163226bfb2___GH_HL%20Leaf%20188.1.JPG,PlantVillage open-access dataset; cite source repository and paper,"PlantVillage / Mohanty, Hughes, and Salathé"
pv_53e3daaef1ffa6f3b322,plantvillage,https://github.com/spMohanty/PlantVillage-Dataset/blob/master/raw/color/Apple___Apple_scab/40d60cf0-1311-40c7-9e7e-579e74c92027___FREC_Scab%203136.JPG,PlantVillage open-access dataset; cite source repository and paper,"PlantVillage / Mohanty, Hughes, and Salathé"
pv_b81a790f3b02c67970e4,plantvillage,https://github.com/spMohanty/PlantVillage-Dataset/blob/master/raw/color/Apple___Apple_scab/276ed34e-9987-4b38-b83b-8626504fc204___FREC_Scab%203050.JPG,PlantVillage open-access dataset; cite source repository and paper,"PlantVillage / Mohanty, Hughes, and Salathé"
pv_c0b0e8d7ec3acd06b631,plantvillage,https://github.com/spMohanty/PlantVillage-Dataset/blob/master/raw/color/Apple___Apple_scab/9b7399aa-1c3c-4137-ae4e-196cd23fe573___FREC_Scab%203468.JPG,PlantVillage open-access dataset; cite source repository and paper,"PlantVillage / Mohanty, Hughes, and Salathé"
pv_22cf438155fbb69ea4d1,plantvillage,https://github.com/spMohanty/PlantVillage-Dataset/blob/master/raw/color/Apple___Apple_scab/4e2c27a7-4be1-4c86-a07b-bc2a64c1bff9___FREC_Scab%203018.JPG,PlantVillage open-access dataset; cite source repository and paper,"PlantVillage / Mohanty, Hughes, and Salathé"
pv_f17df908cf94a10a87f1,plantvillage,https://github.com/spMohanty/PlantVillage-Dataset/blob/master/raw/color/Apple___Apple_scab/45a699f2-a02d-4f1f-b628-6d445c58a595___FREC_Scab%203291.JPG,PlantVillage open-access dataset; cite source repository and paper,"PlantVillage / Mohanty, Hughes, and Salathé"
pv_3cc03477e683d02a561c,plantvillage,https://github.com/spMohanty/PlantVillage-Dataset/blob/master/raw/color/Apple___Black_rot/3e340ca3-47d5-4a22-9f40-e91f3eea2be6___JR_FrgE.S%208747.JPG,PlantVillage open-access dataset; cite source repository and paper,"PlantVillage / Mohanty, Hughes, and Salathé"
pv_ffb7012a0b601dfbebf8,plantvillage,https://github.com/spMohanty/PlantVillage-Dataset/blob/master/raw/color/Apple___Black_rot/0f3d45f4-e121-42cd-a5b6-be2f866a0574___JR_FrgE.S%202870.JPG,PlantVillage open-access dataset; cite source repository and paper,"PlantVillage / Mohanty, Hughes, and Salathé"
pv_a4f4141aaac63bfa6c68,plantvillage,https://github.com/spMohanty/PlantVillage-Dataset/blob/master/raw/color/Apple___Black_rot/f9b7fc98-caee-4bb1-ae7b-1e9981ba6d72___JR_FrgE.S%202990.JPG,PlantVillage open-access dataset; cite source repository and paper,"PlantVillage / Mohanty, Hughes, and Salathé"
pv_1094d97c59ee634f0eea,plantvillage,https://github.com/spMohanty/PlantVillage-Dataset/blob/master/raw/color/Apple___Black_rot/6923c419-55d4-4f33-91aa-9ecfb860d72d___JR_FrgE.S%208763.JPG,PlantVillage open-access dataset; cite source repository and paper,"PlantVillage / Mohanty, Hughes, and Salathé"
pv_8c70273a2f8f95c57c9d,plantvillage,https://github.com/spMohanty/PlantVillage-Dataset/blob/master/raw/color/Apple___Black_rot/90af12e6-8764-4cb5-9f88-ac1fa8b337c0___JR_FrgE.S%202738.JPG,PlantVillage open-access dataset; cite source repository and paper,"PlantVillage / Mohanty, Hughes, and Salathé"
pv_a163c179707a111627e4,plantvillage,https://github.com/spMohanty/PlantVillage-Dataset/blob/master/raw/color/Apple___Cedar_apple_rust/f416a057-5518-4df4-8c12-660cd636166c___FREC_C.Rust%204412.JPG,PlantVillage open-access dataset; cite source repository and paper,"PlantVillage / Mohanty, Hughes, and Salathé"
pv_e7db0a5492f38dff7848,plantvillage,https://github.com/spMohanty/PlantVillage-Dataset/blob/master/raw/color/Apple___Cedar_apple_rust/3b1e5132-71dd-4e75-b04a-513a3851ca02___FREC_C.Rust%204439.JPG,PlantVillage open-access dataset; cite source repository and paper,"PlantVillage / Mohanty, Hughes, and Salathé"
pv_242816945ccc876b7314,plantvillage,https://github.com/spMohanty/PlantVillage-Dataset/blob/master/raw/color/Apple___Cedar_apple_rust/daf0438c-72e3-49af-b23a-50b0d136b18c___FREC_C.Rust%200182.JPG,PlantVillage open-access dataset; cite source repository and paper,"PlantVillage / Mohanty, Hughes, and Salathé"
pv_dcce4a424f92a977b21c,plantvillage,https://github.com/spMohanty/PlantVillage-Dataset/blob/master/raw/color/Apple___Cedar_apple_rust/d64bd246-5ab0-4b1e-b522-3f69668214d1___FREC_C.Rust%204290.JPG,PlantVillage open-access dataset; cite source repository and paper,"PlantVillage / Mohanty, Hughes, and Salathé"
pv_ea3a956aaa0dc0b9c8b6,plantvillage,https://github.com/spMohanty/PlantVillage-Dataset/blob/master/raw/color/Apple___Cedar_apple_rust/0ce943e7-3fed-41cb-8430-0e0f54ff2bc4___FREC_C.Rust%200014.JPG,PlantVillage open-access dataset; cite source repository and paper,"PlantVillage / Mohanty, Hughes, and Salathé"
pv_f45ae1f988f465d2037f,plantvillage,https://github.com/spMohanty/PlantVillage-Dataset/blob/master/raw/color/Cherry_%28including_sour%29___Powdery_mildew/d38df747-e4a6-4243-b35d-1095e30e9274___FREC_Pwd.M%204553.JPG,PlantVillage open-access dataset; cite source repository and paper,"PlantVillage / Mohanty, Hughes, and Salathé"
pv_b7d856ddb3e91e690c7d,plantvillage,https://github.com/spMohanty/PlantVillage-Dataset/blob/master/raw/color/Cherry_%28including_sour%29___Powdery_mildew/5627316e-8d75-4b66-a790-02a6845a33a4___FREC_Pwd.M%204482.JPG,PlantVillage open-access dataset; cite source repository and paper,"PlantVillage / Mohanty, Hughes, and Salathé"
pv_4f8e49f6f48891d2da54,plantvillage,https://github.com/spMohanty/PlantVillage-Dataset/blob/master/raw/color/Cherry_%28including_sour%29___Powdery_mildew/6915b42c-598c-4a75-b9bc-096ded10b120___FREC_Pwd.M%200562.JPG,PlantVillage open-access dataset; cite source repository and paper,"PlantVillage / Mohanty, Hughes, and Salathé"
pv_33637a01554505fcab28,plantvillage,https://github.com/spMohanty/PlantVillage-Dataset/blob/master/raw/color/Cherry_%28including_sour%29___Powdery_mildew/a726864c-cd52-4dde-818b-7b79b6ce2f0e___FREC_Pwd.M%204915.JPG,PlantVillage open-access dataset; cite source repository and paper,"PlantVillage / Mohanty, Hughes, and Salathé"
pv_8009f20280b8e02c1990,plantvillage,https://github.com/spMohanty/PlantVillage-Dataset/blob/master/raw/color/Cherry_%28including_sour%29___Powdery_mildew/073a2d5a-9cae-4afc-8d96-2f8a969e4b90___FREC_Pwd.M%205103.JPG,PlantVillage open-access dataset; cite source repository and paper,"PlantVillage / Mohanty, Hughes, and Salathé"
pv_19bee6c4df11ce70b9fe,plantvillage,https://github.com/spMohanty/PlantVillage-Dataset/blob/master/raw/color/Corn_%28maize%29___Cercospora_leaf_spot%20Gray_leaf_spot/c740d42c-29fd-49cd-a941-afd8429b1f28___RS_GLSp%204688.JPG,PlantVillage open-access dataset; cite source repository and paper,"PlantVillage / Mohanty, Hughes, and Salathé"
pv_81c554febd78bfdb6ea9,plantvillage,https://github.com/spMohanty/PlantVillage-Dataset/blob/master/raw/color/Corn_%28maize%29___Cercospora_leaf_spot%20Gray_leaf_spot/c7c98f44-a2a9-4c74-9cff-b0d31e5e05b1___RS_GLSp%204503.JPG,PlantVillage open-access dataset; cite source repository and paper,"PlantVillage / Mohanty, Hughes, and Salathé"
pv_cb300bb249bba0c924f3,plantvillage,https://github.com/spMohanty/PlantVillage-Dataset/blob/master/raw/color/Corn_%28maize%29___Cercospora_leaf_spot%20Gray_leaf_spot/648f5a4f-9fb5-486f-97ac-918c5804ab53___RS_GLSp%204370.JPG,PlantVillage open-access dataset; cite source repository and paper,"PlantVillage / Mohanty, Hughes, and Salathé"
pv_2bd9b15bc92146f5a046,plantvillage,https://github.com/spMohanty/PlantVillage-Dataset/blob/master/raw/color/Corn_%28maize%29___Cercospora_leaf_spot%20Gray_leaf_spot/22e876a7-46e4-4b87-b2ac-0668117fb455___RS_GLSp%204469.JPG,PlantVillage open-access dataset; cite source repository and paper,"PlantVillage / Mohanty, Hughes, and Salathé"
pv_6b2a4ef5f96de96b9e42,plantvillage,https://github.com/spMohanty/PlantVillage-Dataset/blob/master/raw/color/Corn_%28maize%29___Cercospora_leaf_spot%20Gray_leaf_spot/14913b5b-f425-43f4-8266-e6c353f96781___RS_GLSp%204328.JPG,PlantVillage open-access dataset; cite source repository and paper,"PlantVillage / Mohanty, Hughes, and Salathé"
pv_57b453c4c36a82a593ba,plantvillage,https://github.com/spMohanty/PlantVillage-Dataset/blob/master/raw/color/Corn_%28maize%29___Common_rust_/RS_Rust%202767.JPG,PlantVillage open-access dataset; cite source repository and paper,"PlantVillage / Mohanty, Hughes, and Salathé"
pv_f45bf538174159797adf,plantvillage,https://github.com/spMohanty/PlantVillage-Dataset/blob/master/raw/color/Corn_%28maize%29___Common_rust_/RS_Rust%202061.JPG,PlantVillage open-access dataset; cite source repository and paper,"PlantVillage / Mohanty, Hughes, and Salathé"
pv_a4cf2c40d48cdc4891b2,plantvillage,https://github.com/spMohanty/PlantVillage-Dataset/blob/master/raw/color/Corn_%28maize%29___Common_rust_/RS_Rust%202762.JPG,PlantVillage open-access dataset; cite source repository and paper,"PlantVillage / Mohanty, Hughes, and Salathé"
pv_600d9ccd1a553f877b18,plantvillage,https://github.com/spMohanty/PlantVillage-Dataset/blob/master/raw/color/Corn_%28maize%29___Common_rust_/RS_Rust%201771.JPG,PlantVillage open-access dataset; cite source repository and paper,"PlantVillage / Mohanty, Hughes, and Salathé"
pv_ba49808178744f2517ce,plantvillage,https://github.com/spMohanty/PlantVillage-Dataset/blob/master/raw/color/Corn_%28maize%29___Common_rust_/RS_Rust%202611.JPG,PlantVillage open-access dataset; cite source repository and paper,"PlantVillage / Mohanty, Hughes, and Salathé"
pv_0e0c77172960869cb6a0,plantvillage,https://github.com/spMohanty/PlantVillage-Dataset/blob/master/raw/color/Corn_%28maize%29___Northern_Leaf_Blight/72bbfeba-b355-47d3-aa0e-3c9a148575aa___RS_NLB%203912.JPG,PlantVillage open-access dataset; cite source repository and paper,"PlantVillage / Mohanty, Hughes, and Salathé"
pv_d384b93a16bc8c19e5e0,plantvillage,https://github.com/spMohanty/PlantVillage-Dataset/blob/master/raw/color/Corn_%28maize%29___Northern_Leaf_Blight/e39b074e-6702-4444-aa07-d5a9b3bd5446___RS_NLB%204002.JPG,PlantVillage open-access dataset; cite source repository and paper,"PlantVillage / Mohanty, Hughes, and Salathé"
pv_8b5805f0cc35640e2e7d,plantvillage,https://github.com/spMohanty/PlantVillage-Dataset/blob/master/raw/color/Corn_%28maize%29___Northern_Leaf_Blight/2b2f19f2-757c-47a0-a519-4cec0095a840___RS_NLB%203708.JPG,PlantVillage open-access dataset; cite source repository and paper,"PlantVillage / Mohanty, Hughes, and Salathé"
pv_1c3d18b8fc315fc860c5,plantvillage,https://github.com/spMohanty/PlantVillage-Dataset/blob/master/raw/color/Corn_%28maize%29___Northern_Leaf_Blight/ef2883c1-77cd-4b12-98bc-db371e596eb7___RS_NLB%203989.JPG,PlantVillage open-access dataset; cite source repository and paper,"PlantVillage / Mohanty, Hughes, and Salathé"
pv_dbcd0eb8d14e824d80f0,plantvillage,https://github.com/spMohanty/PlantVillage-Dataset/blob/master/raw/color/Corn_%28maize%29___Northern_Leaf_Blight/739f7cf2-2f79-473b-864f-1a35916dc5a7___RS_NLB%204094.JPG,PlantVillage open-access dataset; cite source repository and paper,"PlantVillage / Mohanty, Hughes, and Salathé"
pv_61fd697180650df94dc8,plantvillage,https://github.com/spMohanty/PlantVillage-Dataset/blob/master/raw/color/Grape___Black_rot/0959dfd7-a6af-4e43-b99e-b248e7b3b2eb___FAM_B.Rot%205039.JPG,PlantVillage open-access dataset; cite source repository and paper,"PlantVillage / Mohanty, Hughes, and Salathé"
pv_1da3ac2712b4ada93b18,plantvillage,https://github.com/spMohanty/PlantVillage-Dataset/blob/master/raw/color/Grape___Black_rot/cd21d350-3a40-45b8-8c67-c15c2a336545___FAM_B.Rot%203206.JPG,PlantVillage open-access dataset; cite source repository and paper,"PlantVillage / Mohanty, Hughes, and Salathé"
pv_4d3198c1766b4c589016,plantvillage,https://github.com/spMohanty/PlantVillage-Dataset/blob/master/raw/color/Grape___Black_rot/9aad4625-a52d-4a3d-839f-aedd88c2f300___FAM_B.Rot%200521.JPG,PlantVillage open-access dataset; cite source repository and paper,"PlantVillage / Mohanty, Hughes, and Salathé"
pv_f21a518232cf83beffd3,plantvillage,https://github.com/spMohanty/PlantVillage-Dataset/blob/master/raw/color/Grape___Black_rot/33f329ff-48f1-4c8d-b88c-2fcf9e2a94f7___FAM_B.Rot%203037.JPG,PlantVillage open-access dataset; cite source repository and paper,"PlantVillage / Mohanty, Hughes, and Salathé"
pv_057c84281449d369517b,plantvillage,https://github.com/spMohanty/PlantVillage-Dataset/blob/master/raw/color/Grape___Esca_%28Black_Measles%29/1f8270ac-8016-457e-8e81-bca5bbcaa784___FAM_B.Msls%201338.JPG,PlantVillage open-access dataset; cite source repository and paper,"PlantVillage / Mohanty, Hughes, and Salathé"
pv_8e89d70dd2769d46fa5a,plantvillage,https://github.com/spMohanty/PlantVillage-Dataset/blob/master/raw/color/Grape___Esca_%28Black_Measles%29/5d6ab00e-8d19-464e-b8fa-720307aebff0___FAM_B.Msls%200855.JPG,PlantVillage open-access dataset; cite source repository and paper,"PlantVillage / Mohanty, Hughes, and Salathé"
pv_a19cbe66bc3a2ec4244c,plantvillage,https://github.com/spMohanty/PlantVillage-Dataset/blob/master/raw/color/Grape___Esca_%28Black_Measles%29/29c45ec7-f6eb-4c97-8052-ab3f4a062f41___FAM_B.Msls%204389.JPG,PlantVillage open-access dataset; cite source repository and paper,"PlantVillage / Mohanty, Hughes, and Salathé"
pv_84ef424ec1fb97e485a4,plantvillage,https://github.com/spMohanty/PlantVillage-Dataset/blob/master/raw/color/Grape___Esca_%28Black_Measles%29/f055d7db-5efa-4f3e-aef2-2ad993a54afc___FAM_B.Msls%204266.JPG,PlantVillage open-access dataset; cite source repository and paper,"PlantVillage / Mohanty, Hughes, and Salathé"
pv_f1865739a7e07279f595,plantvillage,https://github.com/spMohanty/PlantVillage-Dataset/blob/master/raw/color/Grape___Leaf_blight_%28Isariopsis_Leaf_Spot%29/f1803b26-859e-4cfc-9b45-8293f97ecd28___FAM_L.Blight%203726.JPG,PlantVillage open-access dataset; cite source repository and paper,"PlantVillage / Mohanty, Hughes, and Salathé"
pv_594559ac6c633268a912,plantvillage,https://github.com/spMohanty/PlantVillage-Dataset/blob/master/raw/color/Grape___Leaf_blight_%28Isariopsis_Leaf_Spot%29/49e8818b-1902-4d74-9af0-b53ab83d52d0___FAM_L.Blight%204808.JPG,PlantVillage open-access dataset; cite source repository and paper,"PlantVillage / Mohanty, Hughes, and Salathé"
pv_55d38a6acb6bbc3f2b0c,plantvillage,https://github.com/spMohanty/PlantVillage-Dataset/blob/master/raw/color/Grape___Leaf_blight_%28Isariopsis_Leaf_Spot%29/0771072b-cb0a-4ce9-b18a-cb9c654355e5___FAM_L.Blight%203752.JPG,PlantVillage open-access dataset; cite source repository and paper,"PlantVillage / Mohanty, Hughes, and Salathé"
pv_eb6169b4b124081d58a7,plantvillage,https://github.com/spMohanty/PlantVillage-Dataset/blob/master/raw/color/Grape___Leaf_blight_%28Isariopsis_Leaf_Spot%29/5a50e65a-30a7-4a66-a46a-ab43b2ac6317___FAM_L.Blight%204652.JPG,PlantVillage open-access dataset; cite source repository and paper,"PlantVillage / Mohanty, Hughes, and Salathé"
pv_c01ffd01e95c3caa042e,plantvillage,https://github.com/spMohanty/PlantVillage-Dataset/blob/master/raw/color/Orange___Haunglongbing_%28Citrus_greening%29/0b1d7868-4264-43c9-92ba-14120c25b344___UF.Citrus_HLB_Lab%201436.JPG,PlantVillage open-access dataset; cite source repository and paper,"PlantVillage / Mohanty, Hughes, and Salathé"
pv_75b0db020993e10b6046,plantvillage,https://github.com/spMohanty/PlantVillage-Dataset/blob/master/raw/color/Orange___Haunglongbing_%28Citrus_greening%29/b2a922d3-de8e-432f-9bf8-a167d1f8645d___CREC_HLB%204313.JPG,PlantVillage open-access dataset; cite source repository and paper,"PlantVillage / Mohanty, Hughes, and Salathé"
pv_6f5fb9e1e29822dee864,plantvillage,https://github.com/spMohanty/PlantVillage-Dataset/blob/master/raw/color/Orange___Haunglongbing_%28Citrus_greening%29/2d6d879b-3a35-440a-baf1-c431ff6d527c___UF.Citrus_HLB_Lab%201056.JPG,PlantVillage open-access dataset; cite source repository and paper,"PlantVillage / Mohanty, Hughes, and Salathé"
pv_8e3558601a51b5588c92,plantvillage,https://github.com/spMohanty/PlantVillage-Dataset/blob/master/raw/color/Orange___Haunglongbing_%28Citrus_greening%29/d7f77068-abab-45ec-9ae9-cdbda331212a___CREC_HLB%207922.JPG,PlantVillage open-access dataset; cite source repository and paper,"PlantVillage / Mohanty, Hughes, and Salathé"
pv_b9363e928814fb47cdee,plantvillage,https://github.com/spMohanty/PlantVillage-Dataset/blob/master/raw/color/Peach___Bacterial_spot/61c44c64-4b25-4e7c-b6bd-a7ce0a756586___Rutg._Bact.S%201868.JPG,PlantVillage open-access dataset; cite source repository and paper,"PlantVillage / Mohanty, Hughes, and Salathé"
pv_e4f8eaa010438935816a,plantvillage,https://github.com/spMohanty/PlantVillage-Dataset/blob/master/raw/color/Peach___Bacterial_spot/ec8c96b1-c9ed-4f95-8445-6a92e1fdee8c___Rut._Bact.S%201215.JPG,PlantVillage open-access dataset; cite source repository and paper,"PlantVillage / Mohanty, Hughes, and Salathé"
pv_34594fdadce9007f9a9d,plantvillage,https://github.com/spMohanty/PlantVillage-Dataset/blob/master/raw/color/Peach___Bacterial_spot/afb123d4-b4ff-4b5c-82aa-ec5f66d1fdd3___Rut._Bact.S%201260.JPG,PlantVillage open-access dataset; cite source repository and paper,"PlantVillage / Mohanty, Hughes, and Salathé"
pv_056cb0faf86a430d8eff,plantvillage,https://github.com/spMohanty/PlantVillage-Dataset/blob/master/raw/color/Peach___Bacterial_spot/76ea49a8-f2d1-4c2e-a3a7-6725baecb812___Rutg._Bact.S%201218.JPG,PlantVillage open-access dataset; cite source repository and paper,"PlantVillage / Mohanty, Hughes, and Salathé"
pv_69d910f1a5ee42f110c5,plantvillage,https://github.com/spMohanty/PlantVillage-Dataset/blob/master/raw/color/Pepper%2C_bell___Bacterial_spot/307ade58-8297-4ca9-b412-7ab20f837dc3___NREC_B.Spot%201861.JPG,PlantVillage open-access dataset; cite source repository and paper,"PlantVillage / Mohanty, Hughes, and Salathé"
pv_0f79986bce86fac6ac92,plantvillage,https://github.com/spMohanty/PlantVillage-Dataset/blob/master/raw/color/Pepper%2C_bell___Bacterial_spot/8e142609-2257-448f-84e0-b20a6e85dcba___NREC_B.Spot%209160.JPG,PlantVillage open-access dataset; cite source repository and paper,"PlantVillage / Mohanty, Hughes, and Salathé"
pv_22da4f6c1ab5ad3aa7bb,plantvillage,https://github.com/spMohanty/PlantVillage-Dataset/blob/master/raw/color/Pepper%2C_bell___Bacterial_spot/baa2dfb9-ff6a-4f84-9036-243000982301___NREC_B.Spot%201880.JPG,PlantVillage open-access dataset; cite source repository and paper,"PlantVillage / Mohanty, Hughes, and Salathé"
pv_ae3abee85800fba27de7,plantvillage,https://github.com/spMohanty/PlantVillage-Dataset/blob/master/raw/color/Pepper%2C_bell___Bacterial_spot/3e71a4e5-32e9-404e-815c-95208f7a79fd___JR_B.Spot%203258.JPG,PlantVillage open-access dataset; cite source repository and paper,"PlantVillage / Mohanty, Hughes, and Salathé"
pv_7ea03d7be2ea3660d415,plantvillage,https://github.com/spMohanty/PlantVillage-Dataset/blob/master/raw/color/Potato___Early_blight/7b95c3ad-d550-4cc8-96e0-549ec04c7dea___RS_Early.B%207342.JPG,PlantVillage open-access dataset; cite source repository and paper,"PlantVillage / Mohanty, Hughes, and Salathé"
pv_e870cc222ba87d463bb1,plantvillage,https://github.com/spMohanty/PlantVillage-Dataset/blob/master/raw/color/Potato___Early_blight/107827b3-faa5-457c-97fd-3e34d2657f6b___RS_Early.B%207162.JPG,PlantVillage open-access dataset; cite source repository and paper,"PlantVillage / Mohanty, Hughes, and Salathé"
pv_295190ebc5912b0ef420,plantvillage,https://github.com/spMohanty/PlantVillage-Dataset/blob/master/raw/color/Potato___Early_blight/1c42eae7-29c8-42fd-b05a-9b8255790f6f___RS_Early.B%207719.JPG,PlantVillage open-access dataset; cite source repository and paper,"PlantVillage / Mohanty, Hughes, and Salathé"
pv_da7145e33b77ae6b53ef,plantvillage,https://github.com/spMohanty/PlantVillage-Dataset/blob/master/raw/color/Potato___Early_blight/292a3f93-96a2-4b0d-879f-581136c57bcf___RS_Early.B%207099.JPG,PlantVillage open-access dataset; cite source repository and paper,"PlantVillage / Mohanty, Hughes, and Salathé"
pv_c70113d5095ff5151758,plantvillage,https://github.com/spMohanty/PlantVillage-Dataset/blob/master/raw/color/Potato___Late_blight/890ffd2b-7365-4a91-b0e1-f414da0a17a4___RS_LB%203216.JPG,PlantVillage open-access dataset; cite source repository and paper,"PlantVillage / Mohanty, Hughes, and Salathé"
pv_12d48c8fcc15ad20e20a,plantvillage,https://github.com/spMohanty/PlantVillage-Dataset/blob/master/raw/color/Potato___Late_blight/ff03a125-445b-40e1-a7ed-0bb9b155dfd8___RS_LB%205039.JPG,PlantVillage open-access dataset; cite source repository and paper,"PlantVillage / Mohanty, Hughes, and Salathé"
pv_c63aca2d11ebe35122fc,plantvillage,https://github.com/spMohanty/PlantVillage-Dataset/blob/master/raw/color/Potato___Late_blight/326919e6-16b9-442b-ada3-e4c37b3ab8ef___RS_LB%203187.JPG,PlantVillage open-access dataset; cite source repository and paper,"PlantVillage / Mohanty, Hughes, and Salathé"
pv_e525adbcf01ab2c3879b,plantvillage,https://github.com/spMohanty/PlantVillage-Dataset/blob/master/raw/color/Potato___Late_blight/90302aa5-644e-4857-b60f-92f6aed488fa___RS_LB%203246.JPG,PlantVillage open-access dataset; cite source repository and paper,"PlantVillage / Mohanty, Hughes, and Salathé"
pv_1a31c166c545567e09df,plantvillage,https://github.com/spMohanty/PlantVillage-Dataset/blob/master/raw/color/Squash___Powdery_mildew/a800829c-8dc7-47c9-9693-535e5578bb62___MD_Powd.M%200363.JPG,PlantVillage open-access dataset; cite source repository and paper,"PlantVillage / Mohanty, Hughes, and Salathé"
pv_731af13e296b97b392cc,plantvillage,https://github.com/spMohanty/PlantVillage-Dataset/blob/master/raw/color/Squash___Powdery_mildew/5568d02b-e83d-4a0e-b6f4-3662d5520a09___UMD_Powd.M%200640.JPG,PlantVillage open-access dataset; cite source repository and paper,"PlantVillage / Mohanty, Hughes, and Salathé"
pv_7d9519ff8430139d1d78,plantvillage,https://github.com/spMohanty/PlantVillage-Dataset/blob/master/raw/color/Squash___Powdery_mildew/3162db9e-8b36-4685-85d2-ec6672398b54___UMD_Powd.M%200208.JPG,PlantVillage open-access dataset; cite source repository and paper,"PlantVillage / Mohanty, Hughes, and Salathé"
pv_7056fa31a14d47ed45f3,plantvillage,https://github.com/spMohanty/PlantVillage-Dataset/blob/master/raw/color/Squash___Powdery_mildew/dfa9eb7a-6d7e-48f6-ba80-411f204270bf___MD_Powd.M%200868.JPG,PlantVillage open-access dataset; cite source repository and paper,"PlantVillage / Mohanty, Hughes, and Salathé"
pv_ab966518db5db82c5951,plantvillage,https://github.com/spMohanty/PlantVillage-Dataset/blob/master/raw/color/Strawberry___Leaf_scorch/2c20ad16-5d7c-48dd-9c50-f504caf993d2___RS_L.Scorch%201197.JPG,PlantVillage open-access dataset; cite source repository and paper,"PlantVillage / Mohanty, Hughes, and Salathé"
pv_1c881958cddff35fe6cd,plantvillage,https://github.com/spMohanty/PlantVillage-Dataset/blob/master/raw/color/Strawberry___Leaf_scorch/b361ca03-5d66-483b-b8ee-562ddc5a403f___RS_L.Scorch%200928.JPG,PlantVillage open-access dataset; cite source repository and paper,"PlantVillage / Mohanty, Hughes, and Salathé"
pv_e59cfba2c12910f2fd21,plantvillage,https://github.com/spMohanty/PlantVillage-Dataset/blob/master/raw/color/Strawberry___Leaf_scorch/5e4d4035-89da-4096-a74d-bc45770d80a4___RS_L.Scorch%200997.JPG,PlantVillage open-access dataset; cite source repository and paper,"PlantVillage / Mohanty, Hughes, and Salathé"
pv_ec83f0c397cb1ffc87c9,plantvillage,https://github.com/spMohanty/PlantVillage-Dataset/blob/master/raw/color/Strawberry___Leaf_scorch/bb3cab0d-06e2-48fa-ad53-283d17cfe682___RS_L.Scorch%200092.JPG,PlantVillage open-access dataset; cite source repository and paper,"PlantVillage / Mohanty, Hughes, and Salathé"
pv_2c8e76b055c9708551c8,plantvillage,https://github.com/spMohanty/PlantVillage-Dataset/blob/master/raw/color/Tomato___Bacterial_spot/bab7f756-d2e7-483e-8155-2bead1b5f4ce___GCREC_Bact.Sp%206313.JPG,PlantVillage open-access dataset; cite source repository and paper,"PlantVillage / Mohanty, Hughes, and Salathé"
pv_37ec367b99d8f736df7f,plantvillage,https://github.com/spMohanty/PlantVillage-Dataset/blob/master/raw/color/Tomato___Bacterial_spot/7b4a5701-1c8d-425d-bf24-204e6de88013___UF.GRC_BS_Lab%20Leaf%200349.JPG,PlantVillage open-access dataset; cite source repository and paper,"PlantVillage / Mohanty, Hughes, and Salathé"
pv_7f49a7067601891deaaf,plantvillage,https://github.com/spMohanty/PlantVillage-Dataset/blob/master/raw/color/Tomato___Bacterial_spot/7624a9cd-018d-467a-99f9-2255a27103a4___GCREC_Bact.Sp%203725.JPG,PlantVillage open-access dataset; cite source repository and paper,"PlantVillage / Mohanty, Hughes, and Salathé"
pv_d083677963794eef8ff8,plantvillage,https://github.com/spMohanty/PlantVillage-Dataset/blob/master/raw/color/Tomato___Bacterial_spot/111a63c7-6445-47a4-a0d6-9157fd82b804___UF.GRC_BS_Lab%20Leaf%200565.JPG,PlantVillage open-access dataset; cite source repository and paper,"PlantVillage / Mohanty, Hughes, and Salathé"
pv_2227740b5100c1c53556,plantvillage,https://github.com/spMohanty/PlantVillage-Dataset/blob/master/raw/color/Tomato___Early_blight/de57a88b-7170-4eca-93f6-330df50fa8b5___RS_Erly.B%209541.JPG,PlantVillage open-access dataset; cite source repository and paper,"PlantVillage / Mohanty, Hughes, and Salathé"
pv_79e188beff594e750af1,plantvillage,https://github.com/spMohanty/PlantVillage-Dataset/blob/master/raw/color/Tomato___Early_blight/49c8f57f-3418-45db-b807-6192c20dfc6a___RS_Erly.B%207784.JPG,PlantVillage open-access dataset; cite source repository and paper,"PlantVillage / Mohanty, Hughes, and Salathé"
pv_fd1aa2114f07d6a2083f,plantvillage,https://github.com/spMohanty/PlantVillage-Dataset/blob/master/raw/color/Tomato___Early_blight/011aa278-a39e-40b0-b6e4-2e2f835889f0___RS_Erly.B%208251.JPG,PlantVillage open-access dataset; cite source repository and paper,"PlantVillage / Mohanty, Hughes, and Salathé"
pv_21d7010f7e2b69f5d944,plantvillage,https://github.com/spMohanty/PlantVillage-Dataset/blob/master/raw/color/Tomato___Early_blight/603c6233-8cc0-4bb7-97f3-0e5db1614c63___RS_Erly.B%209398.JPG,PlantVillage open-access dataset; cite source repository and paper,"PlantVillage / Mohanty, Hughes, and Salathé"
pv_aa2d69dc9cc8e12944be,plantvillage,https://github.com/spMohanty/PlantVillage-Dataset/blob/master/raw/color/Tomato___Late_blight/f348eaf2-65ef-47b1-af84-ffdedc4599e9___RS_Late.B%204895.JPG,PlantVillage open-access dataset; cite source repository and paper,"PlantVillage / Mohanty, Hughes, and Salathé"
pv_8f3e61c09e0a93662341,plantvillage,https://github.com/spMohanty/PlantVillage-Dataset/blob/master/raw/color/Tomato___Late_blight/9f79bf03-7797-491c-98c8-e7fd2c49f435___RS_Late.B%205520.JPG,PlantVillage open-access dataset; cite source repository and paper,"PlantVillage / Mohanty, Hughes, and Salathé"
pv_15c5b811019c27d5cbab,plantvillage,https://github.com/spMohanty/PlantVillage-Dataset/blob/master/raw/color/Tomato___Late_blight/0d98a9eb-18e7-47e7-9010-196189bae113___RS_Late.B%205047.JPG,PlantVillage open-access dataset; cite source repository and paper,"PlantVillage / Mohanty, Hughes, and Salathé"
pv_3611bce1190e086a6476,plantvillage,https://github.com/spMohanty/PlantVillage-Dataset/blob/master/raw/color/Tomato___Late_blight/6dbef77b-50b6-4d0f-970a-d86f9df2254e___RS_Late.B%206936.JPG,PlantVillage open-access dataset; cite source repository and paper,"PlantVillage / Mohanty, Hughes, and Salathé"
pv_bec646f9c133e5413dde,plantvillage,https://github.com/spMohanty/PlantVillage-Dataset/blob/master/raw/color/Tomato___Leaf_Mold/be4ddd9b-9ec8-40dd-8e16-a4cfde6326be___Crnl_L.Mold%209144.JPG,PlantVillage open-access dataset; cite source repository and paper,"PlantVillage / Mohanty, Hughes, and Salathé"
pv_da8a657c7b16147639b6,plantvillage,https://github.com/spMohanty/PlantVillage-Dataset/blob/master/raw/color/Tomato___Leaf_Mold/36b5a4ab-5051-48a2-8af7-cc1577b58f17___Crnl_L.Mold%208835.JPG,PlantVillage open-access dataset; cite source repository and paper,"PlantVillage / Mohanty, Hughes, and Salathé"
pv_4059994026c1d6dda8a0,plantvillage,https://github.com/spMohanty/PlantVillage-Dataset/blob/master/raw/color/Tomato___Leaf_Mold/970a299e-18bd-4bf6-83af-f0950cfe0272___Crnl_L.Mold%208668.JPG,PlantVillage open-access dataset; cite source repository and paper,"PlantVillage / Mohanty, Hughes, and Salathé"
pv_0284a8c396bdbbc98f99,plantvillage,https://github.com/spMohanty/PlantVillage-Dataset/blob/master/raw/color/Tomato___Leaf_Mold/479d6746-71a9-4abc-83d7-8cbfcedf1496___Crnl_L.Mold%209150.JPG,PlantVillage open-access dataset; cite source repository and paper,"PlantVillage / Mohanty, Hughes, and Salathé"
pv_961c93e9f1d7b3fb658b,plantvillage,https://github.com/spMohanty/PlantVillage-Dataset/blob/master/raw/color/Tomato___Septoria_leaf_spot/7ace174c-153c-42d2-9b51-212f42774d9d___Matt.S_CG%200898.JPG,PlantVillage open-access dataset; cite source repository and paper,"PlantVillage / Mohanty, Hughes, and Salathé"
pv_3e2895467b508f04f5f6,plantvillage,https://github.com/spMohanty/PlantVillage-Dataset/blob/master/raw/color/Tomato___Septoria_leaf_spot/e0bd1520-369e-4884-85a5-46dac6268e7a___Matt.S_CG%207709.JPG,PlantVillage open-access dataset; cite source repository and paper,"PlantVillage / Mohanty, Hughes, and Salathé"
pv_2ba08503488225319a2d,plantvillage,https://github.com/spMohanty/PlantVillage-Dataset/blob/master/raw/color/Tomato___Septoria_leaf_spot/544fbdc4-17a2-45c8-847d-fd31731a9d25___Keller.St_CG%201848.JPG,PlantVillage open-access dataset; cite source repository and paper,"PlantVillage / Mohanty, Hughes, and Salathé"
pv_8043507aa83adedc3340,plantvillage,https://github.com/spMohanty/PlantVillage-Dataset/blob/master/raw/color/Tomato___Septoria_leaf_spot/f25949bd-2509-489a-922d-e3cba060b02d___Matt.S_CG%206438.JPG,PlantVillage open-access dataset; cite source repository and paper,"PlantVillage / Mohanty, Hughes, and Salathé"
pv_e566cffefff4a2b53d27,plantvillage,https://github.com/spMohanty/PlantVillage-Dataset/blob/master/raw/color/Tomato___Spider_mites%20Two-spotted_spider_mite/ce05bc05-0c4c-4290-903c-f46ab2ba1f53___Com.G_SpM_FL%209283.JPG,PlantVillage open-access dataset; cite source repository and paper,"PlantVillage / Mohanty, Hughes, and Salathé"
pv_c3115cb9a112310aa881,plantvillage,https://github.com/spMohanty/PlantVillage-Dataset/blob/master/raw/color/Tomato___Spider_mites%20Two-spotted_spider_mite/7ab3ac9c-629e-4ca0-af0e-07e84c4a8d13___Com.G_SpM_FL%209623.JPG,PlantVillage open-access dataset; cite source repository and paper,"PlantVillage / Mohanty, Hughes, and Salathé"
pv_6b0e59f02d0518e1ce04,plantvillage,https://github.com/spMohanty/PlantVillage-Dataset/blob/master/raw/color/Tomato___Spider_mites%20Two-spotted_spider_mite/dfb1508d-3c5b-420a-ac9c-919602530ef2___Com.G_SpM_FL%208695.JPG,PlantVillage open-access dataset; cite source repository and paper,"PlantVillage / Mohanty, Hughes, and Salathé"
pv_ad4084e683edae5d8c18,plantvillage,https://github.com/spMohanty/PlantVillage-Dataset/blob/master/raw/color/Tomato___Spider_mites%20Two-spotted_spider_mite/53f25aa8-630c-4fe7-8da8-13f81d1a0a5e___Com.G_SpM_FL%201304.JPG,PlantVillage open-access dataset; cite source repository and paper,"PlantVillage / Mohanty, Hughes, and Salathé"
pv_ef0b064c10b79bf75175,plantvillage,https://github.com/spMohanty/PlantVillage-Dataset/blob/master/raw/color/Tomato___Target_Spot/831b4c22-17fe-4241-8515-998650421d31___Com.G_TgS_FL%209876.JPG,PlantVillage open-access dataset; cite source repository and paper,"PlantVillage / Mohanty, Hughes, and Salathé"
pv_d5d4450dc4ec7450c032,plantvillage,https://github.com/spMohanty/PlantVillage-Dataset/blob/master/raw/color/Tomato___Target_Spot/a22c1ee8-6ad5-44e3-adb4-2e0223b3fa2b___Com.G_TgS_FL%200981.JPG,PlantVillage open-access dataset; cite source repository and paper,"PlantVillage / Mohanty, Hughes, and Salathé"
pv_8a3cb9ba2693b0d7ff73,plantvillage,https://github.com/spMohanty/PlantVillage-Dataset/blob/master/raw/color/Tomato___Target_Spot/7fff26be-4802-4778-97cf-96d5a9e4f127___Com.G_TgS_FL%209981.JPG,PlantVillage open-access dataset; cite source repository and paper,"PlantVillage / Mohanty, Hughes, and Salathé"
pv_46d06833fb9472b57bb4,plantvillage,https://github.com/spMohanty/PlantVillage-Dataset/blob/master/raw/color/Tomato___Target_Spot/e24a0993-be2f-475d-95b0-71c3fac986e2___Com.G_TgS_FL%208402.JPG,PlantVillage open-access dataset; cite source repository and paper,"PlantVillage / Mohanty, Hughes, and Salathé"
pv_f4ee8b21754fa827e3e1,plantvillage,https://github.com/spMohanty/PlantVillage-Dataset/blob/master/raw/color/Tomato___Tomato_Yellow_Leaf_Curl_Virus/c4985e02-e973-44fe-a99c-2eafaf6d4b8c___YLCV_GCREC%201940.JPG,PlantVillage open-access dataset; cite source repository and paper,"PlantVillage / Mohanty, Hughes, and Salathé"
pv_ab5b4393ae28696f71a9,plantvillage,https://github.com/spMohanty/PlantVillage-Dataset/blob/master/raw/color/Tomato___Tomato_Yellow_Leaf_Curl_Virus/55a19f60-9985-4330-808b-0d7432386bf3___YLCV_NREC%202122.JPG,PlantVillage open-access dataset; cite source repository and paper,"PlantVillage / Mohanty, Hughes, and Salathé"
pv_8fe9b48f95a778b3ce10,plantvillage,https://github.com/spMohanty/PlantVillage-Dataset/blob/master/raw/color/Tomato___Tomato_Yellow_Leaf_Curl_Virus/47c2c347-9a2a-497a-9627-b9f431b5a79a___YLCV_GCREC%202364.JPG,PlantVillage open-access dataset; cite source repository and paper,"PlantVillage / Mohanty, Hughes, and Salathé"
pv_1d725e911bce72132ed3,plantvillage,https://github.com/spMohanty/PlantVillage-Dataset/blob/master/raw/color/Tomato___Tomato_Yellow_Leaf_Curl_Virus/2212d23a-39d6-49a5-8335-6f813daf1885___UF.GRC_YLCV_Lab%2003365.JPG,PlantVillage open-access dataset; cite source repository and paper,"PlantVillage / Mohanty, Hughes, and Salathé"
pv_28fbfe9348a579c94b2c,plantvillage,https://github.com/spMohanty/PlantVillage-Dataset/blob/master/raw/color/Tomato___Tomato_mosaic_virus/046a2559-23b4-4018-a3db-337347ceb391___PSU_CG%202321.JPG,PlantVillage open-access dataset; cite source repository and paper,"PlantVillage / Mohanty, Hughes, and Salathé"
pv_2a75b67176ee09bb4c28,plantvillage,https://github.com/spMohanty/PlantVillage-Dataset/blob/master/raw/color/Tomato___Tomato_mosaic_virus/cfd8a28f-7af7-4102-b848-0b6d1b2c60e4___PSU_CG%202404.JPG,PlantVillage open-access dataset; cite source repository and paper,"PlantVillage / Mohanty, Hughes, and Salathé"
pv_ca62be42588f05ce32c0,plantvillage,https://github.com/spMohanty/PlantVillage-Dataset/blob/master/raw/color/Tomato___Tomato_mosaic_virus/9ef0e7b7-ce38-4829-aad9-23b954a26000___PSU_CG%202324.JPG,PlantVillage open-access dataset; cite source repository and paper,"PlantVillage / Mohanty, Hughes, and Salathé"
pv_1ea07946af2ab56a4a68,plantvillage,https://github.com/spMohanty/PlantVillage-Dataset/blob/master/raw/color/Tomato___Tomato_mosaic_virus/7e30ae4f-05e2-4806-ad63-c86fb601d445___PSU_CG%202412.JPG,PlantVillage open-access dataset; cite source repository and paper,"PlantVillage / Mohanty, Hughes, and Salathé"
