source_image_id,plant_id,label,source_local_path,processed_local_path,crop,width,height,jpeg_quality,jpeg_bytes
b7c2e233e9ecc86afb28f86e,tomato,healthy,raw/tomato/healthy/b7c2e233e9ecc86afb28f86e.jpg,images/healthy/tomato/b7c2e233e9ecc86afb28f86e.jpg,center_fit_4x3,320,240,80,34613
d1f5bcd05235b0d3b3c869f0,tomato,healthy,raw/tomato/healthy/d1f5bcd05235b0d3b3c869f0.jpg,images/healthy/tomato/d1f5bcd05235b0d3b3c869f0.jpg,center_fit_4x3,320,240,80,30737
fa91f657bf3ba8fc0bd5c7d5,tomato,healthy,raw/tomato/healthy/fa91f657bf3ba8fc0bd5c7d5.jpg,images/healthy/tomato/fa91f657bf3ba8fc0bd5c7d5.jpg,center_fit_4x3,320,240,80,20193
90732f3babd9486401c5ec11,tomato,healthy,raw/tomato/healthy/90732f3babd9486401c5ec11.jpg,images/healthy/tomato/90732f3babd9486401c5ec11.jpg,center_fit_4x3,320,240,80,22790
1b30b096cca8d0857157bb7b,tomato,unhealthy,raw/tomato/unhealthy/1b30b096cca8d0857157bb7b.jpg,images/unhealthy/tomato/1b30b096cca8d0857157bb7b.jpg,center_fit_4x3,320,240,80,17959
346e2bf4cb940fecd96ac816,tomato,unhealthy,raw/tomato/unhealthy/346e2bf4cb940fecd96ac816.jpg,images/unhealthy/tomato/346e2bf4cb940fecd96ac816.jpg,center_fit_4x3,320,240,80,16778
f76d180197568ca98ad0edf5,tomato,unhealthy,raw/tomato/unhealthy/f76d180197568ca98ad0edf5.jpg,images/unhealthy/tomato/f76d180197568ca98ad0edf5.jpg,center_fit_4x3,320,240,80,13382
2cdfeb98576b1ac6bc82ff4d,tomato,unhealthy,raw/tomato/unhealthy/2cdfeb98576b1ac6bc82ff4d.jpg,images/unhealthy/tomato/2cdfeb98576b1ac6bc82ff4d.jpg,center_fit_4x3,320,240,80,35193
66ed067ca73dbafa049ba85c,tomato,unhealthy,raw/tomato/unhealthy/66ed067ca73dbafa049ba85c.jpg,images/unhealthy/tomato/66ed067ca73dbafa049ba85c.jpg,center_fit_4x3,320,240,80,16792
bfe9012da11e0dd9719a0ce8,chili_pepper,healthy,raw/chili_pepper/healthy/bfe9012da11e0dd9719a0ce8.jpg,images/healthy/chili_pepper/bfe9012da11e0dd9719a0ce8.jpg,center_fit_4x3,320,240,80,22407
8a190a1e3dd797eb4591e1f3,chili_pepper,healthy,raw/chili_pepper/healthy/8a190a1e3dd797eb4591e1f3.jpg,images/healthy/chili_pepper/8a190a1e3dd797eb4591e1f3.jpg,center_fit_4x3,320,240,80,30256
c6071b221d2fd9176b805027,chili_pepper,healthy,raw/chili_pepper/healthy/c6071b221d2fd9176b805027.jpg,images/healthy/chili_pepper/c6071b221d2fd9176b805027.jpg,center_fit_4x3,320,240,80,15413
a61051fa6fd669e8a55e7867,chili_pepper,healthy,raw/chili_pepper/healthy/a61051fa6fd669e8a55e7867.jpg,images/healthy/chili_pepper/a61051fa6fd669e8a55e7867.jpg,center_fit_4x3,320,240,80,19687
006492fd268108e7cef0a2f8,chili_pepper,healthy,raw/chili_pepper/healthy/006492fd268108e7cef0a2f8.jpg,images/healthy/chili_pepper/006492fd268108e7cef0a2f8.jpg,center_fit_4x3,320,240,80,26735
9125676e5e2491eeb94e982e,eggplant,healthy,raw/eggplant/healthy/9125676e5e2491eeb94e982e.jpg,images/healthy/eggplant/9125676e5e2491eeb94e982e.jpg,center_fit_4x3,320,240,80,21832
ac69e3f9dfe9be1fb9843a46,eggplant,healthy,raw/eggplant/healthy/ac69e3f9dfe9be1fb9843a46.jpg,images/healthy/eggplant/ac69e3f9dfe9be1fb9843a46.jpg,center_fit_4x3,320,240,80,13651
44ec2cfd89ce2de351eb667f,eggplant,healthy,raw/eggplant/healthy/44ec2cfd89ce2de351eb667f.jpg,images/healthy/eggplant/44ec2cfd89ce2de351eb667f.jpg,center_fit_4x3,320,240,80,14786
9a14cf80ff67460c325703ef,eggplant,healthy,raw/eggplant/healthy/9a14cf80ff67460c325703ef.jpg,images/healthy/eggplant/9a14cf80ff67460c325703ef.jpg,center_fit_4x3,320,240,80,18923
f31b9843bc9adaf0fbdcf4dd,eggplant,healthy,raw/eggplant/healthy/f31b9843bc9adaf0fbdcf4dd.jpg,images/healthy/eggplant/f31b9843bc9adaf0fbdcf4dd.jpg,center_fit_4x3,320,240,80,23276
6e8f3e13c2d14592d5153ac0,okra,healthy,raw/okra/healthy/6e8f3e13c2d14592d5153ac0.jpg,images/healthy/okra/6e8f3e13c2d14592d5153ac0.jpg,center_fit_4x3,320,240,80,24551
0e7983397a2cb4032f22021b,okra,healthy,raw/okra/healthy/0e7983397a2cb4032f22021b.jpg,images/healthy/okra/0e7983397a2cb4032f22021b.jpg,center_fit_4x3,320,240,80,23204
557417ee460c033cf26839c7,okra,healthy,raw/okra/healthy/557417ee460c033cf26839c7.jpg,images/healthy/okra/557417ee460c033cf26839c7.jpg,center_fit_4x3,320,240,80,14664
36e92aa48f17bb7228ecea67,okra,healthy,raw/okra/healthy/36e92aa48f17bb7228ecea67.jpg,images/healthy/okra/36e92aa48f17bb7228ecea67.jpg,center_fit_4x3,320,240,80,20447
cf71afae1c7777c940b56273,okra,healthy,raw/okra/healthy/cf71afae1c7777c940b56273.jpg,images/healthy/okra/cf71afae1c7777c940b56273.jpg,center_fit_4x3,320,240,80,24670
cdcb9c7a6fe62c994a27589f,bottle_gourd,healthy,raw/bottle_gourd/healthy/cdcb9c7a6fe62c994a27589f.jpg,images/healthy/bottle_gourd/cdcb9c7a6fe62c994a27589f.jpg,center_fit_4x3,320,240,80,19190
5ef53cf5f46caa921444b948,bottle_gourd,healthy,raw/bottle_gourd/healthy/5ef53cf5f46caa921444b948.jpg,images/healthy/bottle_gourd/5ef53cf5f46caa921444b948.jpg,center_fit_4x3,320,240,80,19658
807cbee025ea8494255045a3,bottle_gourd,healthy,raw/bottle_gourd/healthy/807cbee025ea8494255045a3.jpg,images/healthy/bottle_gourd/807cbee025ea8494255045a3.jpg,center_fit_4x3,320,240,80,24359
2212516157df5f944f0aa41f,bitter_gourd,healthy,raw/bitter_gourd/healthy/2212516157df5f944f0aa41f.jpg,images/healthy/bitter_gourd/2212516157df5f944f0aa41f.jpg,center_fit_4x3,320,240,80,16002
496c1c7337cff36fd7a4f66e,bitter_gourd,healthy,raw/bitter_gourd/healthy/496c1c7337cff36fd7a4f66e.jpg,images/healthy/bitter_gourd/496c1c7337cff36fd7a4f66e.jpg,center_fit_4x3,320,240,80,25757
8c2764dd856c7fc4271f3772,bitter_gourd,healthy,raw/bitter_gourd/healthy/8c2764dd856c7fc4271f3772.jpg,images/healthy/bitter_gourd/8c2764dd856c7fc4271f3772.jpg,center_fit_4x3,320,240,80,15437
3b2df45adc7218b0840c6378,bitter_gourd,healthy,raw/bitter_gourd/healthy/3b2df45adc7218b0840c6378.jpg,images/healthy/bitter_gourd/3b2df45adc7218b0840c6378.jpg,center_fit_4x3,320,240,80,23021
0cc1cda3d8c4d13a3e945645,bitter_gourd,unhealthy,raw/bitter_gourd/unhealthy/0cc1cda3d8c4d13a3e945645.jpg,images/unhealthy/bitter_gourd/0cc1cda3d8c4d13a3e945645.jpg,center_fit_4x3,320,240,80,23441
86a1a9fb47344924aba5ebf9,ridge_gourd,healthy,raw/ridge_gourd/healthy/86a1a9fb47344924aba5ebf9.jpg,images/healthy/ridge_gourd/86a1a9fb47344924aba5ebf9.jpg,center_fit_4x3,320,240,80,22644
1cff25020a2bc2b7c308c997,ridge_gourd,healthy,raw/ridge_gourd/healthy/1cff25020a2bc2b7c308c997.jpg,images/healthy/ridge_gourd/1cff25020a2bc2b7c308c997.jpg,center_fit_4x3,320,240,80,27973
6e0d2d18321c3a788005a705,sponge_gourd,healthy,raw/sponge_gourd/healthy/6e0d2d18321c3a788005a705.jpg,images/healthy/sponge_gourd/6e0d2d18321c3a788005a705.jpg,center_fit_4x3,320,240,80,18327
b7fe32234f3a3a6d2fbb95aa,sponge_gourd,healthy,raw/sponge_gourd/healthy/b7fe32234f3a3a6d2fbb95aa.jpg,images/healthy/sponge_gourd/b7fe32234f3a3a6d2fbb95aa.jpg,center_fit_4x3,320,240,80,17985
c5208b9aa7b2a89b9f3a9b6a,sponge_gourd,healthy,raw/sponge_gourd/healthy/c5208b9aa7b2a89b9f3a9b6a.jpg,images/healthy/sponge_gourd/c5208b9aa7b2a89b9f3a9b6a.jpg,center_fit_4x3,320,240,80,15618
c2d88d41c0192fc7d3daf05a,sponge_gourd,healthy,raw/sponge_gourd/healthy/c2d88d41c0192fc7d3daf05a.jpg,images/healthy/sponge_gourd/c2d88d41c0192fc7d3daf05a.jpg,center_fit_4x3,320,240,80,23738
c41ff80faba40301c8c27fbb,sponge_gourd,unhealthy,raw/sponge_gourd/unhealthy/c41ff80faba40301c8c27fbb.jpg,images/unhealthy/sponge_gourd/c41ff80faba40301c8c27fbb.jpg,center_fit_4x3,320,240,80,21128
e81c6ce223b8403b8c055b5c,sponge_gourd,unhealthy,raw/sponge_gourd/unhealthy/e81c6ce223b8403b8c055b5c.jpg,images/unhealthy/sponge_gourd/e81c6ce223b8403b8c055b5c.jpg,center_fit_4x3,320,240,80,23129
f5eb486516ac829ae855bbbf,sponge_gourd,unhealthy,raw/sponge_gourd/unhealthy/f5eb486516ac829ae855bbbf.jpg,images/unhealthy/sponge_gourd/f5eb486516ac829ae855bbbf.jpg,center_fit_4x3,320,240,80,19704
d55e649332be1be69c537a56,snake_gourd,healthy,raw/snake_gourd/healthy/d55e649332be1be69c537a56.jpg,images/healthy/snake_gourd/d55e649332be1be69c537a56.jpg,center_fit_4x3,320,240,80,11074
e5777b4247f3bcaa68022811,pointed_gourd,healthy,raw/pointed_gourd/healthy/e5777b4247f3bcaa68022811.jpg,images/healthy/pointed_gourd/e5777b4247f3bcaa68022811.jpg,center_fit_4x3,320,240,80,17233
b46a4fdbdab4ce545f11b735,pointed_gourd,healthy,raw/pointed_gourd/healthy/b46a4fdbdab4ce545f11b735.jpg,images/healthy/pointed_gourd/b46a4fdbdab4ce545f11b735.jpg,center_fit_4x3,320,240,80,15692
5fd4f4468aea39a020e595b0,pumpkin,healthy,raw/pumpkin/healthy/5fd4f4468aea39a020e595b0.jpg,images/healthy/pumpkin/5fd4f4468aea39a020e595b0.jpg,center_fit_4x3,320,240,80,17735
12c4b10ea85f8f72b23d117e,pumpkin,healthy,raw/pumpkin/healthy/12c4b10ea85f8f72b23d117e.jpg,images/healthy/pumpkin/12c4b10ea85f8f72b23d117e.jpg,center_fit_4x3,320,240,80,30929
5aac76fe4a1deebffb9d5970,pumpkin,healthy,raw/pumpkin/healthy/5aac76fe4a1deebffb9d5970.jpg,images/healthy/pumpkin/5aac76fe4a1deebffb9d5970.jpg,center_fit_4x3,320,240,80,31781
cf67dbe189f42c51ca69e1f1,pumpkin,healthy,raw/pumpkin/healthy/cf67dbe189f42c51ca69e1f1.jpg,images/healthy/pumpkin/cf67dbe189f42c51ca69e1f1.jpg,center_fit_4x3,320,240,80,25264
75090290e550ebb7d1f5b01c,cucumber,healthy,raw/cucumber/healthy/75090290e550ebb7d1f5b01c.jpg,images/healthy/cucumber/75090290e550ebb7d1f5b01c.jpg,center_fit_4x3,320,240,80,26751
d88b22e4e3a025170cab5a64,cucumber,healthy,raw/cucumber/healthy/d88b22e4e3a025170cab5a64.jpg,images/healthy/cucumber/d88b22e4e3a025170cab5a64.jpg,center_fit_4x3,320,240,80,17465
123f5f4fa7ef3e0f84f2b255,yardlong_bean,unhealthy,raw/yardlong_bean/unhealthy/123f5f4fa7ef3e0f84f2b255.jpg,images/unhealthy/yardlong_bean/123f5f4fa7ef3e0f84f2b255.jpg,center_fit_4x3,320,240,80,21173
852e26fcd66e2ab06b4f3cb7,yardlong_bean,unhealthy,raw/yardlong_bean/unhealthy/852e26fcd66e2ab06b4f3cb7.jpg,images/unhealthy/yardlong_bean/852e26fcd66e2ab06b4f3cb7.jpg,center_fit_4x3,320,240,80,20756
b35765381e86e0e1a61ab3a2,yardlong_bean,unhealthy,raw/yardlong_bean/unhealthy/b35765381e86e0e1a61ab3a2.jpg,images/unhealthy/yardlong_bean/b35765381e86e0e1a61ab3a2.jpg,center_fit_4x3,320,240,80,23396
fd4b73e455ef00fb3c6aa795,yardlong_bean,unhealthy,raw/yardlong_bean/unhealthy/fd4b73e455ef00fb3c6aa795.jpg,images/unhealthy/yardlong_bean/fd4b73e455ef00fb3c6aa795.jpg,center_fit_4x3,320,240,80,19445
dcc30e8e25c442537d520feb,yardlong_bean,unhealthy,raw/yardlong_bean/unhealthy/dcc30e8e25c442537d520feb.jpg,images/unhealthy/yardlong_bean/dcc30e8e25c442537d520feb.jpg,center_fit_4x3,320,240,80,26627
ac3f3f65202cfecf08d3408c,hyacinth_bean,healthy,raw/hyacinth_bean/healthy/ac3f3f65202cfecf08d3408c.jpg,images/healthy/hyacinth_bean/ac3f3f65202cfecf08d3408c.jpg,center_fit_4x3,320,240,80,27852
41b3340155f5548f33ee3e72,hyacinth_bean,healthy,raw/hyacinth_bean/healthy/41b3340155f5548f33ee3e72.jpg,images/healthy/hyacinth_bean/41b3340155f5548f33ee3e72.jpg,center_fit_4x3,320,240,80,17176
c1476945bdf1953e7f0d61fb,hyacinth_bean,healthy,raw/hyacinth_bean/healthy/c1476945bdf1953e7f0d61fb.jpg,images/healthy/hyacinth_bean/c1476945bdf1953e7f0d61fb.jpg,center_fit_4x3,320,240,80,25003
f5273e82fede133c7cd8705c,hyacinth_bean,healthy,raw/hyacinth_bean/healthy/f5273e82fede133c7cd8705c.jpg,images/healthy/hyacinth_bean/f5273e82fede133c7cd8705c.jpg,center_fit_4x3,320,240,80,20016
d021c1c2d77c61ac371c69b0,malabar_spinach,healthy,raw/malabar_spinach/healthy/d021c1c2d77c61ac371c69b0.jpg,images/healthy/malabar_spinach/d021c1c2d77c61ac371c69b0.jpg,center_fit_4x3,320,240,80,17451
0fc552d6ab66ef83d4a52df3,malabar_spinach,healthy,raw/malabar_spinach/healthy/0fc552d6ab66ef83d4a52df3.jpg,images/healthy/malabar_spinach/0fc552d6ab66ef83d4a52df3.jpg,center_fit_4x3,320,240,80,14302
67de14130043225f9eeb78dc,malabar_spinach,healthy,raw/malabar_spinach/healthy/67de14130043225f9eeb78dc.jpg,images/healthy/malabar_spinach/67de14130043225f9eeb78dc.jpg,center_fit_4x3,320,240,80,21909
c4953e39eb709eb2540995a3,malabar_spinach,healthy,raw/malabar_spinach/healthy/c4953e39eb709eb2540995a3.jpg,images/healthy/malabar_spinach/c4953e39eb709eb2540995a3.jpg,center_fit_4x3,320,240,80,23740
e8cd24eb417eb3e6bced911c,malabar_spinach,healthy,raw/malabar_spinach/healthy/e8cd24eb417eb3e6bced911c.jpg,images/healthy/malabar_spinach/e8cd24eb417eb3e6bced911c.jpg,center_fit_4x3,320,240,80,19578
d3658254125453c61d7cbb64,red_amaranth,healthy,raw/red_amaranth/healthy/d3658254125453c61d7cbb64.jpg,images/healthy/red_amaranth/d3658254125453c61d7cbb64.jpg,center_fit_4x3,320,240,80,19194
ef64d1d6d31f78f70ca7f504,red_amaranth,healthy,raw/red_amaranth/healthy/ef64d1d6d31f78f70ca7f504.jpg,images/healthy/red_amaranth/ef64d1d6d31f78f70ca7f504.jpg,center_fit_4x3,320,240,80,29503
239de918ce38760d1342b9ad,red_amaranth,healthy,raw/red_amaranth/healthy/239de918ce38760d1342b9ad.jpg,images/healthy/red_amaranth/239de918ce38760d1342b9ad.jpg,center_fit_4x3,320,240,80,33556
7734e344fd1279e3d19c245e,red_amaranth,healthy,raw/red_amaranth/healthy/7734e344fd1279e3d19c245e.jpg,images/healthy/red_amaranth/7734e344fd1279e3d19c245e.jpg,center_fit_4x3,320,240,80,23056
845969100930b45ace891aec,red_amaranth,healthy,raw/red_amaranth/healthy/845969100930b45ace891aec.jpg,images/healthy/red_amaranth/845969100930b45ace891aec.jpg,center_fit_4x3,320,240,80,28791
bd86c210c16b20edb6526c18,stem_amaranth,healthy,raw/stem_amaranth/healthy/bd86c210c16b20edb6526c18.jpg,images/healthy/stem_amaranth/bd86c210c16b20edb6526c18.jpg,center_fit_4x3,320,240,80,17778
84eefccf53455d185d369743,stem_amaranth,healthy,raw/stem_amaranth/healthy/84eefccf53455d185d369743.jpg,images/healthy/stem_amaranth/84eefccf53455d185d369743.jpg,center_fit_4x3,320,240,80,28446
ec222670d86aa3ae33726ba1,stem_amaranth,healthy,raw/stem_amaranth/healthy/ec222670d86aa3ae33726ba1.jpg,images/healthy/stem_amaranth/ec222670d86aa3ae33726ba1.jpg,center_fit_4x3,320,240,80,25337
0380448e32f590e4deb392e9,stem_amaranth,healthy,raw/stem_amaranth/healthy/0380448e32f590e4deb392e9.jpg,images/healthy/stem_amaranth/0380448e32f590e4deb392e9.jpg,center_fit_4x3,320,240,80,20618
2b427cce70bb021d8e62a73a,water_spinach,healthy,raw/water_spinach/healthy/2b427cce70bb021d8e62a73a.jpg,images/healthy/water_spinach/2b427cce70bb021d8e62a73a.jpg,center_fit_4x3,320,240,80,21365
9a915d995b62e86e9771482d,water_spinach,healthy,raw/water_spinach/healthy/9a915d995b62e86e9771482d.jpg,images/healthy/water_spinach/9a915d995b62e86e9771482d.jpg,center_fit_4x3,320,240,80,29391
716fb6a81d31c87d5083155f,coriander,healthy,raw/coriander/healthy/716fb6a81d31c87d5083155f.jpg,images/healthy/coriander/716fb6a81d31c87d5083155f.jpg,center_fit_4x3,320,240,80,15415
406292ff4620c517d496938e,coriander,healthy,raw/coriander/healthy/406292ff4620c517d496938e.jpg,images/healthy/coriander/406292ff4620c517d496938e.jpg,center_fit_4x3,320,240,80,21717
9ae84eba8bb129ed6b754f54,coriander,healthy,raw/coriander/healthy/9ae84eba8bb129ed6b754f54.jpg,images/healthy/coriander/9ae84eba8bb129ed6b754f54.jpg,center_fit_4x3,320,240,80,15997
80ee904ffe5112ed62a8ffa7,mint,healthy,raw/mint/healthy/80ee904ffe5112ed62a8ffa7.jpg,images/healthy/mint/80ee904ffe5112ed62a8ffa7.jpg,center_fit_4x3,320,240,80,22659
36fcf68b8361dd19b8caf72c,mint,healthy,raw/mint/healthy/36fcf68b8361dd19b8caf72c.jpg,images/healthy/mint/36fcf68b8361dd19b8caf72c.jpg,center_fit_4x3,320,240,80,20758
e09a88dd7be782a825f56417,holy_basil_tulsi,healthy,raw/holy_basil_tulsi/healthy/e09a88dd7be782a825f56417.jpg,images/healthy/holy_basil_tulsi/e09a88dd7be782a825f56417.jpg,center_fit_4x3,320,240,80,21573
d69fc34e8ee5d4746c18f0a6,holy_basil_tulsi,healthy,raw/holy_basil_tulsi/healthy/d69fc34e8ee5d4746c18f0a6.jpg,images/healthy/holy_basil_tulsi/d69fc34e8ee5d4746c18f0a6.jpg,center_fit_4x3,320,240,80,17225
69c6bd344e70edba6654fce5,holy_basil_tulsi,healthy,raw/holy_basil_tulsi/healthy/69c6bd344e70edba6654fce5.jpg,images/healthy/holy_basil_tulsi/69c6bd344e70edba6654fce5.jpg,center_fit_4x3,320,240,80,30587
8b85d8409c3e029465879793,holy_basil_tulsi,healthy,raw/holy_basil_tulsi/healthy/8b85d8409c3e029465879793.jpg,images/healthy/holy_basil_tulsi/8b85d8409c3e029465879793.jpg,center_fit_4x3,320,240,80,18091
fe67c86387b1deed70ae0dfc,indian_borage,healthy,raw/indian_borage/healthy/fe67c86387b1deed70ae0dfc.jpg,images/healthy/indian_borage/fe67c86387b1deed70ae0dfc.jpg,center_fit_4x3,320,240,80,16067
dfc30252dfb07836ab46bee9,indian_borage,healthy,raw/indian_borage/healthy/dfc30252dfb07836ab46bee9.jpg,images/healthy/indian_borage/dfc30252dfb07836ab46bee9.jpg,center_fit_4x3,320,240,80,21568
6dba7b8c1ea7ad5cb074cdd4,indian_borage,healthy,raw/indian_borage/healthy/6dba7b8c1ea7ad5cb074cdd4.jpg,images/healthy/indian_borage/6dba7b8c1ea7ad5cb074cdd4.jpg,center_fit_4x3,320,240,80,25746
d886cce3fb189c8fab043a27,indian_borage,healthy,raw/indian_borage/healthy/d886cce3fb189c8fab043a27.jpg,images/healthy/indian_borage/d886cce3fb189c8fab043a27.jpg,center_fit_4x3,320,240,80,24669
f1bc1ccdcfadfd6cc8e37f02,indian_borage,healthy,raw/indian_borage/healthy/f1bc1ccdcfadfd6cc8e37f02.jpg,images/healthy/indian_borage/f1bc1ccdcfadfd6cc8e37f02.jpg,center_fit_4x3,320,240,80,13561
d181c82a00b49f934e514142,aloe_vera,healthy,raw/aloe_vera/healthy/d181c82a00b49f934e514142.jpg,images/healthy/aloe_vera/d181c82a00b49f934e514142.jpg,center_fit_4x3,320,240,80,28624
06761ef5d4c60bc52647b2bd,aloe_vera,healthy,raw/aloe_vera/healthy/06761ef5d4c60bc52647b2bd.jpg,images/healthy/aloe_vera/06761ef5d4c60bc52647b2bd.jpg,center_fit_4x3,320,240,80,15316
be2e832e1cf73b5d905cec62,aloe_vera,healthy,raw/aloe_vera/healthy/be2e832e1cf73b5d905cec62.jpg,images/healthy/aloe_vera/be2e832e1cf73b5d905cec62.jpg,center_fit_4x3,320,240,80,27624
aa75b4ea161bbac74aeae4e7,turmeric,healthy,raw/turmeric/healthy/aa75b4ea161bbac74aeae4e7.jpg,images/healthy/turmeric/aa75b4ea161bbac74aeae4e7.jpg,center_fit_4x3,320,240,80,15620
9bfd593dc4906a5e8549d655,turmeric,healthy,raw/turmeric/healthy/9bfd593dc4906a5e8549d655.jpg,images/healthy/turmeric/9bfd593dc4906a5e8549d655.jpg,center_fit_4x3,320,240,80,28294
3d8741c4ea1b9198a1ebe71c,turmeric,healthy,raw/turmeric/healthy/3d8741c4ea1b9198a1ebe71c.jpg,images/healthy/turmeric/3d8741c4ea1b9198a1ebe71c.jpg,center_fit_4x3,320,240,80,13930
628392f67273d60728b6e4a5,ginger,healthy,raw/ginger/healthy/628392f67273d60728b6e4a5.jpg,images/healthy/ginger/628392f67273d60728b6e4a5.jpg,center_fit_4x3,320,240,80,30038
9e575ed403636db763b09267,ginger,healthy,raw/ginger/healthy/9e575ed403636db763b09267.jpg,images/healthy/ginger/9e575ed403636db763b09267.jpg,center_fit_4x3,320,240,80,22246
cbab2ef207d5766af0e2fccb,ginger,healthy,raw/ginger/healthy/cbab2ef207d5766af0e2fccb.jpg,images/healthy/ginger/cbab2ef207d5766af0e2fccb.jpg,center_fit_4x3,320,240,80,26159
a5f0276e83d295bd19d9faa1,hibiscus,healthy,raw/hibiscus/healthy/a5f0276e83d295bd19d9faa1.jpg,images/healthy/hibiscus/a5f0276e83d295bd19d9faa1.jpg,center_fit_4x3,320,240,80,21953
92846dee456b6c067853247b,hibiscus,healthy,raw/hibiscus/healthy/92846dee456b6c067853247b.jpg,images/healthy/hibiscus/92846dee456b6c067853247b.jpg,center_fit_4x3,320,240,80,20850
44bcff625b3cdd7dc0c159dc,hibiscus,healthy,raw/hibiscus/healthy/44bcff625b3cdd7dc0c159dc.jpg,images/healthy/hibiscus/44bcff625b3cdd7dc0c159dc.jpg,center_fit_4x3,320,240,80,22747
3b5c70ec274505dd2d4c1ce3,periwinkle,healthy,raw/periwinkle/healthy/3b5c70ec274505dd2d4c1ce3.jpg,images/healthy/periwinkle/3b5c70ec274505dd2d4c1ce3.jpg,center_fit_4x3,320,240,80,21926
237d7db263d55c55a3909282,periwinkle,healthy,raw/periwinkle/healthy/237d7db263d55c55a3909282.jpg,images/healthy/periwinkle/237d7db263d55c55a3909282.jpg,center_fit_4x3,320,240,80,21613
cf4cbf319e57495e7ba1cc47,periwinkle,healthy,raw/periwinkle/healthy/cf4cbf319e57495e7ba1cc47.jpg,images/healthy/periwinkle/cf4cbf319e57495e7ba1cc47.jpg,center_fit_4x3,320,240,80,20763
a43a1afd9a1a6c256030bf8b,periwinkle,healthy,raw/periwinkle/healthy/a43a1afd9a1a6c256030bf8b.jpg,images/healthy/periwinkle/a43a1afd9a1a6c256030bf8b.jpg,center_fit_4x3,320,240,80,12918
2a6ef2c46bfb9637726c5326,periwinkle,healthy,raw/periwinkle/healthy/2a6ef2c46bfb9637726c5326.jpg,images/healthy/periwinkle/2a6ef2c46bfb9637726c5326.jpg,center_fit_4x3,320,240,80,34801
2b4cd370f01362c2c164581b,arabian_jasmine,healthy,raw/arabian_jasmine/healthy/2b4cd370f01362c2c164581b.jpg,images/healthy/arabian_jasmine/2b4cd370f01362c2c164581b.jpg,center_fit_4x3,320,240,80,26534
79e860fe29815ad57fbdad45,arabian_jasmine,healthy,raw/arabian_jasmine/healthy/79e860fe29815ad57fbdad45.jpg,images/healthy/arabian_jasmine/79e860fe29815ad57fbdad45.jpg,center_fit_4x3,320,240,80,17400
5a2617bc3a1bd7f46b3064bf,arabian_jasmine,healthy,raw/arabian_jasmine/healthy/5a2617bc3a1bd7f46b3064bf.jpg,images/healthy/arabian_jasmine/5a2617bc3a1bd7f46b3064bf.jpg,center_fit_4x3,320,240,80,21846
9554c8de00da42601ec80e14,arabian_jasmine,healthy,raw/arabian_jasmine/healthy/9554c8de00da42601ec80e14.jpg,images/healthy/arabian_jasmine/9554c8de00da42601ec80e14.jpg,center_fit_4x3,320,240,80,15823
e2f894dce0328085c040160d,night_flowering_jasmine,healthy,raw/night_flowering_jasmine/healthy/e2f894dce0328085c040160d.jpg,images/healthy/night_flowering_jasmine/e2f894dce0328085c040160d.jpg,center_fit_4x3,320,240,80,18268
78d25913ae997e7f72f551b8,night_flowering_jasmine,healthy,raw/night_flowering_jasmine/healthy/78d25913ae997e7f72f551b8.jpg,images/healthy/night_flowering_jasmine/78d25913ae997e7f72f551b8.jpg,center_fit_4x3,320,240,80,17137
a62a8503c04a873af1c22658,night_flowering_jasmine,healthy,raw/night_flowering_jasmine/healthy/a62a8503c04a873af1c22658.jpg,images/healthy/night_flowering_jasmine/a62a8503c04a873af1c22658.jpg,center_fit_4x3,320,240,80,30398
1a1e4534eb5ecbcf7a21861b,night_flowering_jasmine,healthy,raw/night_flowering_jasmine/healthy/1a1e4534eb5ecbcf7a21861b.jpg,images/healthy/night_flowering_jasmine/1a1e4534eb5ecbcf7a21861b.jpg,center_fit_4x3,320,240,80,22856
2e3a457d9290f0e9c18d6822,night_flowering_jasmine,healthy,raw/night_flowering_jasmine/healthy/2e3a457d9290f0e9c18d6822.jpg,images/healthy/night_flowering_jasmine/2e3a457d9290f0e9c18d6822.jpg,center_fit_4x3,320,240,80,17648
1eb441875be215ca5eedd796,gardenia,healthy,raw/gardenia/healthy/1eb441875be215ca5eedd796.jpg,images/healthy/gardenia/1eb441875be215ca5eedd796.jpg,center_fit_4x3,320,240,80,25599
903e63720b9a0bb479485bec,gardenia,healthy,raw/gardenia/healthy/903e63720b9a0bb479485bec.jpg,images/healthy/gardenia/903e63720b9a0bb479485bec.jpg,center_fit_4x3,320,240,80,14207
d11bb9aa983a6101a381f111,gardenia,healthy,raw/gardenia/healthy/d11bb9aa983a6101a381f111.jpg,images/healthy/gardenia/d11bb9aa983a6101a381f111.jpg,center_fit_4x3,320,240,80,20034
75c23bbcba0c40401ed8f534,bougainvillea,healthy,raw/bougainvillea/healthy/75c23bbcba0c40401ed8f534.jpg,images/healthy/bougainvillea/75c23bbcba0c40401ed8f534.jpg,center_fit_4x3,320,240,80,29568
1a7ab99bec156a6f6c01421f,bougainvillea,healthy,raw/bougainvillea/healthy/1a7ab99bec156a6f6c01421f.jpg,images/healthy/bougainvillea/1a7ab99bec156a6f6c01421f.jpg,center_fit_4x3,320,240,80,29921
2d8778f229df869a92501331,butterfly_pea,healthy,raw/butterfly_pea/healthy/2d8778f229df869a92501331.jpg,images/healthy/butterfly_pea/2d8778f229df869a92501331.jpg,center_fit_4x3,320,240,80,16227
eab83d3271e2f1689f89ac12,butterfly_pea,healthy,raw/butterfly_pea/healthy/eab83d3271e2f1689f89ac12.jpg,images/healthy/butterfly_pea/eab83d3271e2f1689f89ac12.jpg,center_fit_4x3,320,240,80,13563
9ed0d4e590910e19f21f8e9e,butterfly_pea,healthy,raw/butterfly_pea/healthy/9ed0d4e590910e19f21f8e9e.jpg,images/healthy/butterfly_pea/9ed0d4e590910e19f21f8e9e.jpg,center_fit_4x3,320,240,80,14673
409b5ae87ad7b45f2086e9b6,butterfly_pea,healthy,raw/butterfly_pea/healthy/409b5ae87ad7b45f2086e9b6.jpg,images/healthy/butterfly_pea/409b5ae87ad7b45f2086e9b6.jpg,center_fit_4x3,320,240,80,24343
704d5798e085a6451b634394,butterfly_pea,healthy,raw/butterfly_pea/healthy/704d5798e085a6451b634394.jpg,images/healthy/butterfly_pea/704d5798e085a6451b634394.jpg,center_fit_4x3,320,240,80,13139
26136508037a30e4e9e92f37,crape_jasmine,healthy,raw/crape_jasmine/healthy/26136508037a30e4e9e92f37.jpg,images/healthy/crape_jasmine/26136508037a30e4e9e92f37.jpg,center_fit_4x3,320,240,80,30124
519fb23bb202fcaa32a040b0,crape_jasmine,healthy,raw/crape_jasmine/healthy/519fb23bb202fcaa32a040b0.jpg,images/healthy/crape_jasmine/519fb23bb202fcaa32a040b0.jpg,center_fit_4x3,320,240,80,13389
16208c7d59e50a6b1f8e2d68,crape_jasmine,healthy,raw/crape_jasmine/healthy/16208c7d59e50a6b1f8e2d68.jpg,images/healthy/crape_jasmine/16208c7d59e50a6b1f8e2d68.jpg,center_fit_4x3,320,240,80,13042
20953bb968d9b1035f806c93,crape_jasmine,healthy,raw/crape_jasmine/healthy/20953bb968d9b1035f806c93.jpg,images/healthy/crape_jasmine/20953bb968d9b1035f806c93.jpg,center_fit_4x3,320,240,80,17407
9960e16951cd76fc53d066c9,ixora,healthy,raw/ixora/healthy/9960e16951cd76fc53d066c9.jpg,images/healthy/ixora/9960e16951cd76fc53d066c9.jpg,center_fit_4x3,320,240,80,17691
7875eca3e96f8fa03485217d,ixora,healthy,raw/ixora/healthy/7875eca3e96f8fa03485217d.jpg,images/healthy/ixora/7875eca3e96f8fa03485217d.jpg,center_fit_4x3,320,240,80,14432
894a1b824acf266c0a9cf685,ixora,healthy,raw/ixora/healthy/894a1b824acf266c0a9cf685.jpg,images/healthy/ixora/894a1b824acf266c0a9cf685.jpg,center_fit_4x3,320,240,80,22063
b297b81ee7942caad4abe0ac,ixora,healthy,raw/ixora/healthy/b297b81ee7942caad4abe0ac.jpg,images/healthy/ixora/b297b81ee7942caad4abe0ac.jpg,center_fit_4x3,320,240,80,15280
c427cbfc90687a1ccd497872,ixora,healthy,raw/ixora/healthy/c427cbfc90687a1ccd497872.jpg,images/healthy/ixora/c427cbfc90687a1ccd497872.jpg,center_fit_4x3,320,240,80,18802
de0bf0eda99aa5d588880fea,chrysanthemum,healthy,raw/chrysanthemum/healthy/de0bf0eda99aa5d588880fea.jpg,images/healthy/chrysanthemum/de0bf0eda99aa5d588880fea.jpg,center_fit_4x3,320,240,80,14735
d8658c141356d9a5f8a17c92,chrysanthemum,healthy,raw/chrysanthemum/healthy/d8658c141356d9a5f8a17c92.jpg,images/healthy/chrysanthemum/d8658c141356d9a5f8a17c92.jpg,center_fit_4x3,320,240,80,23122
66e3c19dab6928c6cbc82ade,chrysanthemum,healthy,raw/chrysanthemum/healthy/66e3c19dab6928c6cbc82ade.jpg,images/healthy/chrysanthemum/66e3c19dab6928c6cbc82ade.jpg,center_fit_4x3,320,240,80,26812
65cb67f2421d006e25ce678d,sunflower,healthy,raw/sunflower/healthy/65cb67f2421d006e25ce678d.jpg,images/healthy/sunflower/65cb67f2421d006e25ce678d.jpg,center_fit_4x3,320,240,80,32729
ca5e6d6df44a368eb7e2ee96,sunflower,healthy,raw/sunflower/healthy/ca5e6d6df44a368eb7e2ee96.jpg,images/healthy/sunflower/ca5e6d6df44a368eb7e2ee96.jpg,center_fit_4x3,320,240,80,23524
f25f644138374148a824314d,sunflower,healthy,raw/sunflower/healthy/f25f644138374148a824314d.jpg,images/healthy/sunflower/f25f644138374148a824314d.jpg,center_fit_4x3,320,240,80,22929
fd1570d99a4490fe8bdb64bd,sunflower,healthy,raw/sunflower/healthy/fd1570d99a4490fe8bdb64bd.jpg,images/healthy/sunflower/fd1570d99a4490fe8bdb64bd.jpg,center_fit_4x3,320,240,80,24716
7599d75346c357c73a68a9e1,sunflower,healthy,raw/sunflower/healthy/7599d75346c357c73a68a9e1.jpg,images/healthy/sunflower/7599d75346c357c73a68a9e1.jpg,center_fit_4x3,320,240,80,20109
48084ab322c03eb5805f2d52,moss_rose,healthy,raw/moss_rose/healthy/48084ab322c03eb5805f2d52.jpg,images/healthy/moss_rose/48084ab322c03eb5805f2d52.jpg,center_fit_4x3,320,240,80,16361
9d6a1c6e417a2d6815833b2c,moss_rose,healthy,raw/moss_rose/healthy/9d6a1c6e417a2d6815833b2c.jpg,images/healthy/moss_rose/9d6a1c6e417a2d6815833b2c.jpg,center_fit_4x3,320,240,80,35633
523e6cb6004d749f02752605,crown_of_thorns,healthy,raw/crown_of_thorns/healthy/523e6cb6004d749f02752605.jpg,images/healthy/crown_of_thorns/523e6cb6004d749f02752605.jpg,center_fit_4x3,320,240,80,38350
6be70553d84e797346842c1c,crown_of_thorns,healthy,raw/crown_of_thorns/healthy/6be70553d84e797346842c1c.jpg,images/healthy/crown_of_thorns/6be70553d84e797346842c1c.jpg,center_fit_4x3,320,240,80,18520
25fbcb416c9c2aa0a4da39cf,crown_of_thorns,healthy,raw/crown_of_thorns/healthy/25fbcb416c9c2aa0a4da39cf.jpg,images/healthy/crown_of_thorns/25fbcb416c9c2aa0a4da39cf.jpg,center_fit_4x3,320,240,80,17483
0ff9cb61387bacce5e590964,crown_of_thorns,healthy,raw/crown_of_thorns/healthy/0ff9cb61387bacce5e590964.jpg,images/healthy/crown_of_thorns/0ff9cb61387bacce5e590964.jpg,center_fit_4x3,320,240,80,28041
20ef7c986392af1e2b42702a,crown_of_thorns,healthy,raw/crown_of_thorns/healthy/20ef7c986392af1e2b42702a.jpg,images/healthy/crown_of_thorns/20ef7c986392af1e2b42702a.jpg,center_fit_4x3,320,240,80,14985
353c1ad2e347b3635b186124,lemon_lime,healthy,raw/lemon_lime/healthy/353c1ad2e347b3635b186124.jpg,images/healthy/lemon_lime/353c1ad2e347b3635b186124.jpg,center_fit_4x3,320,240,80,22132
33a2fa43279f99e83181e859,lemon_lime,healthy,raw/lemon_lime/healthy/33a2fa43279f99e83181e859.jpg,images/healthy/lemon_lime/33a2fa43279f99e83181e859.jpg,center_fit_4x3,320,240,80,37901
d3c1b13e4fc9e75e805952b3,guava,healthy,raw/guava/healthy/d3c1b13e4fc9e75e805952b3.jpg,images/healthy/guava/d3c1b13e4fc9e75e805952b3.jpg,center_fit_4x3,320,240,80,32135
7f6b7a6adb7e65c933ed829c,guava,healthy,raw/guava/healthy/7f6b7a6adb7e65c933ed829c.jpg,images/healthy/guava/7f6b7a6adb7e65c933ed829c.jpg,center_fit_4x3,320,240,80,28624
aaedc7d61d7b62f8c96f60f5,guava,healthy,raw/guava/healthy/aaedc7d61d7b62f8c96f60f5.jpg,images/healthy/guava/aaedc7d61d7b62f8c96f60f5.jpg,center_fit_4x3,320,240,80,25562
9efe087afe70d5636670c2f5,guava,healthy,raw/guava/healthy/9efe087afe70d5636670c2f5.jpg,images/healthy/guava/9efe087afe70d5636670c2f5.jpg,center_fit_4x3,320,240,80,19439
c552ec31dbd0f77b0c5e5073,papaya,healthy,raw/papaya/healthy/c552ec31dbd0f77b0c5e5073.jpg,images/healthy/papaya/c552ec31dbd0f77b0c5e5073.jpg,center_fit_4x3,320,240,80,21453
6246439428ce21ac370a777e,papaya,healthy,raw/papaya/healthy/6246439428ce21ac370a777e.jpg,images/healthy/papaya/6246439428ce21ac370a777e.jpg,center_fit_4x3,320,240,80,21686
28b9c45a8c8962eb443a36cb,pomegranate,healthy,raw/pomegranate/healthy/28b9c45a8c8962eb443a36cb.jpg,images/healthy/pomegranate/28b9c45a8c8962eb443a36cb.jpg,center_fit_4x3,320,240,80,24189
64af5d8f11b5da7bbc86c969,pomegranate,healthy,raw/pomegranate/healthy/64af5d8f11b5da7bbc86c969.jpg,images/healthy/pomegranate/64af5d8f11b5da7bbc86c969.jpg,center_fit_4x3,320,240,80,20602
123388fdeb916d0182b04e19,pomegranate,healthy,raw/pomegranate/healthy/123388fdeb916d0182b04e19.jpg,images/healthy/pomegranate/123388fdeb916d0182b04e19.jpg,center_fit_4x3,320,240,80,28825
c8d0efc0f3d4607c5119d068,pomegranate,healthy,raw/pomegranate/healthy/c8d0efc0f3d4607c5119d068.jpg,images/healthy/pomegranate/c8d0efc0f3d4607c5119d068.jpg,center_fit_4x3,320,240,80,37418
e39aba56c88e5210a1116bc6,pomegranate,healthy,raw/pomegranate/healthy/e39aba56c88e5210a1116bc6.jpg,images/healthy/pomegranate/e39aba56c88e5210a1116bc6.jpg,center_fit_4x3,320,240,80,37711
f936bab269fbbbbf8cec60f5,prickly_pear_cactus,healthy,raw/prickly_pear_cactus/healthy/f936bab269fbbbbf8cec60f5.jpg,images/healthy/prickly_pear_cactus/f936bab269fbbbbf8cec60f5.jpg,center_fit_4x3,320,240,80,38390
f1a13f7253bc730e51e5f46b,prickly_pear_cactus,healthy,raw/prickly_pear_cactus/healthy/f1a13f7253bc730e51e5f46b.jpg,images/healthy/prickly_pear_cactus/f1a13f7253bc730e51e5f46b.jpg,center_fit_4x3,320,240,80,22370
67687217d92c383ce554bf48,prickly_pear_cactus,healthy,raw/prickly_pear_cactus/healthy/67687217d92c383ce554bf48.jpg,images/healthy/prickly_pear_cactus/67687217d92c383ce554bf48.jpg,center_fit_4x3,320,240,80,33165
ff1186b841235464b489c43f,prickly_pear_cactus,healthy,raw/prickly_pear_cactus/healthy/ff1186b841235464b489c43f.jpg,images/healthy/prickly_pear_cactus/ff1186b841235464b489c43f.jpg,center_fit_4x3,320,240,80,21437
6e441081c0815d3b0bb609a3,golden_barrel_cactus,healthy,raw/golden_barrel_cactus/healthy/6e441081c0815d3b0bb609a3.jpg,images/healthy/golden_barrel_cactus/6e441081c0815d3b0bb609a3.jpg,center_fit_4x3,320,240,80,33900
efdeaa8970f189d9338f0630,golden_barrel_cactus,healthy,raw/golden_barrel_cactus/healthy/efdeaa8970f189d9338f0630.jpg,images/healthy/golden_barrel_cactus/efdeaa8970f189d9338f0630.jpg,center_fit_4x3,320,240,80,33002
c5610e0e0f65de7b63ea0d5e,golden_barrel_cactus,healthy,raw/golden_barrel_cactus/healthy/c5610e0e0f65de7b63ea0d5e.jpg,images/healthy/golden_barrel_cactus/c5610e0e0f65de7b63ea0d5e.jpg,center_fit_4x3,320,240,80,33949
dc8d6587d3ce7b106f1d454d,snake_plant,healthy,raw/snake_plant/healthy/dc8d6587d3ce7b106f1d454d.jpg,images/healthy/snake_plant/dc8d6587d3ce7b106f1d454d.jpg,center_fit_4x3,320,240,80,25337
3a12ef8281ee3b501307e03f,snake_plant,healthy,raw/snake_plant/healthy/3a12ef8281ee3b501307e03f.jpg,images/healthy/snake_plant/3a12ef8281ee3b501307e03f.jpg,center_fit_4x3,320,240,80,22811
1c459f584da8e5f777ea4916,snake_plant,healthy,raw/snake_plant/healthy/1c459f584da8e5f777ea4916.jpg,images/healthy/snake_plant/1c459f584da8e5f777ea4916.jpg,center_fit_4x3,320,240,80,29319
0fc83f8e2ac5416461db122c,pothos_money_plant,healthy,raw/pothos_money_plant/healthy/0fc83f8e2ac5416461db122c.jpg,images/healthy/pothos_money_plant/0fc83f8e2ac5416461db122c.jpg,center_fit_4x3,320,240,80,26667
66e88c8bcd3c11f6bba5c969,pothos_money_plant,healthy,raw/pothos_money_plant/healthy/66e88c8bcd3c11f6bba5c969.jpg,images/healthy/pothos_money_plant/66e88c8bcd3c11f6bba5c969.jpg,center_fit_4x3,320,240,80,23286
fe6e77afa360ebc27be5d43b,pothos_money_plant,healthy,raw/pothos_money_plant/healthy/fe6e77afa360ebc27be5d43b.jpg,images/healthy/pothos_money_plant/fe6e77afa360ebc27be5d43b.jpg,center_fit_4x3,320,240,80,27259
e93e2d6d96fc2d0cd7d7cac2,croton,healthy,raw/croton/healthy/e93e2d6d96fc2d0cd7d7cac2.jpg,images/healthy/croton/e93e2d6d96fc2d0cd7d7cac2.jpg,center_fit_4x3,320,240,80,24041
4fd3842ab1a0ec7351bd9543,croton,healthy,raw/croton/healthy/4fd3842ab1a0ec7351bd9543.jpg,images/healthy/croton/4fd3842ab1a0ec7351bd9543.jpg,center_fit_4x3,320,240,80,25546
f03722897b27018a14087d0b,croton,healthy,raw/croton/healthy/f03722897b27018a14087d0b.jpg,images/healthy/croton/f03722897b27018a14087d0b.jpg,center_fit_4x3,320,240,80,34097
a40256fcd276ee757ff270fa,croton,healthy,raw/croton/healthy/a40256fcd276ee757ff270fa.jpg,images/healthy/croton/a40256fcd276ee757ff270fa.jpg,center_fit_4x3,320,240,80,25596
58a5edc89aa18caafc6d2b15,croton,healthy,raw/croton/healthy/58a5edc89aa18caafc6d2b15.jpg,images/healthy/croton/58a5edc89aa18caafc6d2b15.jpg,center_fit_4x3,320,240,80,32554
9ccab3b4378126f56a1f4356,coleus,healthy,raw/coleus/healthy/9ccab3b4378126f56a1f4356.jpg,images/healthy/coleus/9ccab3b4378126f56a1f4356.jpg,center_fit_4x3,320,240,80,31501
c206aeabcdb235f3eed610fa,coleus,healthy,raw/coleus/healthy/c206aeabcdb235f3eed610fa.jpg,images/healthy/coleus/c206aeabcdb235f3eed610fa.jpg,center_fit_4x3,320,240,80,27984
98a1370fa524f485d5134361,coleus,healthy,raw/coleus/healthy/98a1370fa524f485d5134361.jpg,images/healthy/coleus/98a1370fa524f485d5134361.jpg,center_fit_4x3,320,240,80,26994
98f2d7133a3046eca9e35077,coleus,healthy,raw/coleus/healthy/98f2d7133a3046eca9e35077.jpg,images/healthy/coleus/98f2d7133a3046eca9e35077.jpg,center_fit_4x3,320,240,80,19635
05183937baef66ce63a63d56,areca_palm,healthy,raw/areca_palm/healthy/05183937baef66ce63a63d56.jpg,images/healthy/areca_palm/05183937baef66ce63a63d56.jpg,center_fit_4x3,320,240,80,29299
d9a00736f6e2d96750d7cdaa,areca_palm,healthy,raw/areca_palm/healthy/d9a00736f6e2d96750d7cdaa.jpg,images/healthy/areca_palm/d9a00736f6e2d96750d7cdaa.jpg,center_fit_4x3,320,240,80,31385
1b909d5681735ba5bb355261,rubber_plant,healthy,raw/rubber_plant/healthy/1b909d5681735ba5bb355261.jpg,images/healthy/rubber_plant/1b909d5681735ba5bb355261.jpg,center_fit_4x3,320,240,80,19435
7589aee335b11d1974215e95,rubber_plant,healthy,raw/rubber_plant/healthy/7589aee335b11d1974215e95.jpg,images/healthy/rubber_plant/7589aee335b11d1974215e95.jpg,center_fit_4x3,320,240,80,22357
79a72954184ef70cb6b1dff2,rubber_plant,healthy,raw/rubber_plant/healthy/79a72954184ef70cb6b1dff2.jpg,images/healthy/rubber_plant/79a72954184ef70cb6b1dff2.jpg,center_fit_4x3,320,240,80,30965
d58d8cf2908d09bc371511d6,rubber_plant,healthy,raw/rubber_plant/healthy/d58d8cf2908d09bc371511d6.jpg,images/healthy/rubber_plant/d58d8cf2908d09bc371511d6.jpg,center_fit_4x3,320,240,80,21716
6cffb8e8b763536f7eb33854,chinese_evergreen,healthy,raw/chinese_evergreen/healthy/6cffb8e8b763536f7eb33854.jpg,images/healthy/chinese_evergreen/6cffb8e8b763536f7eb33854.jpg,center_fit_4x3,320,240,80,29180
39d3bcad9d490c6f4b80e1fa,chinese_evergreen,healthy,raw/chinese_evergreen/healthy/39d3bcad9d490c6f4b80e1fa.jpg,images/healthy/chinese_evergreen/39d3bcad9d490c6f4b80e1fa.jpg,center_fit_4x3,320,240,80,34430
6ae9b5eabf954f90e299d6cc,chinese_evergreen,healthy,raw/chinese_evergreen/healthy/6ae9b5eabf954f90e299d6cc.jpg,images/healthy/chinese_evergreen/6ae9b5eabf954f90e299d6cc.jpg,center_fit_4x3,320,240,80,27163
7812220104d984f4aa7462aa,chinese_evergreen,healthy,raw/chinese_evergreen/healthy/7812220104d984f4aa7462aa.jpg,images/healthy/chinese_evergreen/7812220104d984f4aa7462aa.jpg,center_fit_4x3,320,240,80,22847
31b3b732192d781ceaba9f1d,chinese_evergreen,healthy,raw/chinese_evergreen/healthy/31b3b732192d781ceaba9f1d.jpg,images/healthy/chinese_evergreen/31b3b732192d781ceaba9f1d.jpg,center_fit_4x3,320,240,80,30161
1a61d6eb9b9bd0275c39a139,water_spinach,unhealthy,raw/water_spinach/unhealthy/1a61d6eb9b9bd0275c39a139.jpg,images/unhealthy/water_spinach/1a61d6eb9b9bd0275c39a139.jpg,center_fit_4x3,320,240,80,14370
546d7275be12c5499a22b182,water_spinach,unhealthy,raw/water_spinach/unhealthy/546d7275be12c5499a22b182.jpg,images/unhealthy/water_spinach/546d7275be12c5499a22b182.jpg,center_fit_4x3,320,240,80,18137
9772eff69668e37f47df9094,mint,unhealthy,raw/mint/unhealthy/9772eff69668e37f47df9094.jpg,images/unhealthy/mint/9772eff69668e37f47df9094.jpg,center_fit_4x3,320,240,80,21379
391d2e06a9f38edfe0fdfd4a,mint,unhealthy,raw/mint/unhealthy/391d2e06a9f38edfe0fdfd4a.jpg,images/unhealthy/mint/391d2e06a9f38edfe0fdfd4a.jpg,center_fit_4x3,320,240,80,15740
c0c13686b37f245d382922f4,mint,unhealthy,raw/mint/unhealthy/c0c13686b37f245d382922f4.jpg,images/unhealthy/mint/c0c13686b37f245d382922f4.jpg,center_fit_4x3,320,240,80,16211
5ac2c93e7af22ae18be8694d,holy_basil_tulsi,unhealthy,raw/holy_basil_tulsi/unhealthy/5ac2c93e7af22ae18be8694d.jpg,images/unhealthy/holy_basil_tulsi/5ac2c93e7af22ae18be8694d.jpg,center_fit_4x3,320,240,80,11922
2b8569b73cdd66bab0fc086d,holy_basil_tulsi,unhealthy,raw/holy_basil_tulsi/unhealthy/2b8569b73cdd66bab0fc086d.jpg,images/unhealthy/holy_basil_tulsi/2b8569b73cdd66bab0fc086d.jpg,center_fit_4x3,320,240,80,18661
0a4368f29fdc09cdbde4bef2,holy_basil_tulsi,unhealthy,raw/holy_basil_tulsi/unhealthy/0a4368f29fdc09cdbde4bef2.jpg,images/unhealthy/holy_basil_tulsi/0a4368f29fdc09cdbde4bef2.jpg,center_fit_4x3,320,240,80,22563
a5de5d87e5a635d3adeedc42,holy_basil_tulsi,unhealthy,raw/holy_basil_tulsi/unhealthy/a5de5d87e5a635d3adeedc42.jpg,images/unhealthy/holy_basil_tulsi/a5de5d87e5a635d3adeedc42.jpg,center_fit_4x3,320,240,80,19140
