epoch,accuracy,auc,loss,precision,recall,val_accuracy,val_auc,val_loss,val_precision,val_recall
0,0.5555555820465088,0.6076771020889282,0.7181476950645447,0.5299999713897705,0.6794871687889099,0.5263158082962036,0.6277778148651123,0.6433862447738647,0.5555555820465088,0.5
1,0.6666666865348816,0.6928418874740601,0.6491335034370422,0.6499999761581421,0.6666666865348816,0.5789473652839661,0.6722222566604614,0.6414904594421387,0.625,0.5
2,0.7283950448036194,0.788156270980835,0.5678644180297852,0.7575757503509521,0.6410256624221802,0.6315789222717285,0.7166666388511658,0.6168458461761475,0.7142857313156128,0.5
3,0.7716049551963806,0.8359279632568359,0.5152239799499512,0.7808219194412231,0.7307692170143127,0.5789473652839661,0.7444444298744202,0.5901781320571899,0.625,0.5
4,0.8086419701576233,0.8814866542816162,0.45597198605537415,0.8405796885490417,0.7435897588729858,0.6842105388641357,0.7444444298744202,0.5670221447944641,0.699999988079071,0.699999988079071
5,0.8333333134651184,0.8811050057411194,0.4489576518535614,0.8072289228439331,0.8589743375778198,0.6842105388641357,0.75,0.5534396171569824,0.699999988079071,0.699999988079071
6,0.8086419701576233,0.8900336027145386,0.4312703609466553,0.8051947951316833,0.7948718070983887,0.6842105388641357,0.7722221612930298,0.5402197241783142,0.699999988079071,0.699999988079071
7,0.8888888955116272,0.9554334878921509,0.3506777882575989,0.9054054021835327,0.8589743375778198,0.6842105388641357,0.8111110925674438,0.5303794741630554,0.699999988079071,0.699999988079071
8,0.8580247163772583,0.9513125419616699,0.3398720920085907,0.8395061492919922,0.8717948794364929,0.7368420958518982,0.8222221732139587,0.5289485454559326,0.7777777910232544,0.699999988079071
9,0.8703703880310059,0.9458943605422974,0.33437493443489075,0.8799999952316284,0.8461538553237915,0.7894737124443054,0.8333333730697632,0.5232939720153809,0.875,0.699999988079071
10,0.8703703880310059,0.9510836601257324,0.3276364207267761,0.9130434989929199,0.807692289352417,0.7894737124443054,0.8333333730697632,0.5170429348945618,0.875,0.699999988079071
11,0.9197530746459961,0.9714590907096863,0.2843484878540039,0.9452054500579834,0.8846153616905212,0.8421052694320679,0.8333333134651184,0.5130736231803894,1.0,0.699999988079071
12,0.9320987462997437,0.9873321056365967,0.2534301280975342,0.9589040875434875,0.8974359035491943,0.7894737124443054,0.855555534362793,0.5012074112892151,0.875,0.699999988079071
13,0.9135802388191223,0.9783272743225098,0.25333738327026367,0.9444444179534912,0.8717948794364929,0.7368420958518982,0.855555534362793,0.4927940368652344,0.7777777910232544,0.699999988079071
14,0.9629629850387573,0.9916056394577026,0.21865195035934448,0.9390243887901306,0.9871794581413269,0.8421052694320679,0.855555534362793,0.4898948669433594,1.0,0.699999988079071
15,0.9197530746459961,0.985805869102478,0.23524853587150574,0.9220778942108154,0.9102563858032227,0.8421052694320679,0.855555534362793,0.48976677656173706,1.0,0.699999988079071
16,0.9259259104728699,0.9867215752601624,0.2279796153306961,0.9459459185600281,0.8974359035491943,0.8421052694320679,0.855555534362793,0.4953610301017761,1.0,0.699999988079071
17,0.9382715821266174,0.9821428656578064,0.2355908453464508,0.9722222089767456,0.8974359035491943,0.8421052694320679,0.855555534362793,0.4809185266494751,1.0,0.699999988079071
18,0.9567901492118835,0.9944291114807129,0.19347350299358368,0.9610389471054077,0.9487179517745972,0.8421052694320679,0.855555534362793,0.4660768508911133,1.0,0.699999988079071
19,0.9259259104728699,0.9894688129425049,0.20007872581481934,0.9342105388641357,0.9102563858032227,0.8421052694320679,0.8611111640930176,0.46282461285591125,1.0,0.699999988079071
20,0.9567901492118835,0.9943529367446899,0.18529373407363892,0.9733333587646484,0.9358974099159241,0.8421052694320679,0.8777778148651123,0.4703628122806549,1.0,0.699999988079071
21,0.9629629850387573,0.9942765831947327,0.1835246980190277,0.9736841917037964,0.9487179517745972,0.8421052694320679,0.8777778148651123,0.47389161586761475,1.0,0.699999988079071
22,0.9753086566925049,0.9972527623176575,0.165479376912117,0.9743589758872986,0.9743589758872986,0.7894737124443054,0.8777778148651123,0.4576343595981598,0.875,0.699999988079071
23,0.9629629850387573,0.9977868795394897,0.1523490995168686,0.949999988079071,0.9743589758872986,0.7894737124443054,0.8777777552604675,0.4552571177482605,0.875,0.699999988079071
24,0.9691358208656311,0.9937423467636108,0.16734738647937775,0.9740259647369385,0.9615384340286255,0.8421052694320679,0.8777778148651123,0.4621199667453766,1.0,0.699999988079071
25,0.9567901492118835,0.9967185854911804,0.16089540719985962,0.9610389471054077,0.9487179517745972,0.8421052694320679,0.8777776956558228,0.46449655294418335,1.0,0.699999988079071
26,0.9753086566925049,0.9977105855941772,0.16076289117336273,0.9868420958518982,0.9615384340286255,0.8421052694320679,0.8777778148651123,0.4701625406742096,1.0,0.699999988079071
27,0.9814814925193787,0.9980921745300293,0.15330196917057037,1.0,0.9615384340286255,0.8421052694320679,0.8777776956558228,0.46482035517692566,1.0,0.699999988079071
28,0.9814814925193787,0.997710645198822,0.1468939483165741,0.9870129823684692,0.9743589758872986,0.8421052694320679,0.8777776956558228,0.4602096974849701,1.0,0.699999988079071
29,0.9876543283462524,0.9990842342376709,0.13848508894443512,0.9871794581413269,0.9871794581413269,0.8421052694320679,0.8777777552604675,0.4634664058685303,1.0,0.699999988079071
